{"stats":{"minecraft:custom":{"minecraft:time_since_rest":15245,"minecraft:sprint_one_cm":100661,"minecraft:damage_taken":2,"minecraft:walk_one_cm":123129,"minecraft:drop":45,"minecraft:damage_dealt":13,"minecraft:fly_one_cm":16805,"minecraft:swim_one_cm":7573,"minecraft:crouch_one_cm":1249,"minecraft:play_time":47882,"minecraft:sneak_time":450,"minecraft:walk_under_water_one_cm":2090,"minecraft:boat_one_cm":101746,"minecraft:jump":163,"minecraft:time_since_death":47882,"minecraft:walk_on_water_one_cm":3906,"minecraft:sleep_in_bed":1,"minecraft:total_world_time":47882,"minecraft:fall_one_cm":627},"minecraft:used":{"minecraft:cornflower":2,"minecraft:oxeye_daisy":1,"minecraft:sunflower":1,"minecraft:baked_potato":1,"minecraft:poppy":4,"minecraft:cooked_salmon":2,"minecraft:dirt":10,"minecraft:yellow_bed":1,"minecraft:white_bed":1,"minecraft:dandelion":5,"minecraft:azure_bluet":1},"minecraft:dropped":{"minecraft:oxeye_daisy":1,"minecraft:poppy":3,"minecraft:hay_block":27,"minecraft:wheat_seeds":7,"minecraft:oak_trapdoor":1,"minecraft:loom":2,"minecraft:yellow_bed":1,"minecraft:oak_fence":1,"minecraft:sunflower":1,"minecraft:arrow":3,"minecraft:azure_bluet":1,"minecraft:dandelion":7},"minecraft:mined":{"minecraft:hay_block":27,"minecraft:oak_trapdoor":1,"minecraft:dandelion":8,"minecraft:yellow_bed":2,"minecraft:oak_fence":1,"minecraft:cornflower":2,"minecraft:azure_bluet":1,"minecraft:grass":9,"minecraft:grass_block":10,"minecraft:poppy":3,"minecraft:loom":2,"minecraft:dirt":1},"minecraft:picked_up":{"minecraft:cooked_beef":19,"minecraft:azure_bluet":2,"minecraft:oak_fence":1,"minecraft:diamond_sword":1,"minecraft:dandelion":16,"minecraft:yellow_bed":2,"minecraft:shield":1,"minecraft:white_bed":1,"minecraft:loom":2,"minecraft:oak_trapdoor":1,"minecraft:cornflower":2,"minecraft:dirt":10,"minecraft:cooked_salmon":9,"minecraft:arrow":3,"minecraft:diamond_chestplate":1,"minecraft:wheat_seeds":7,"minecraft:diamond_leggings":1,"minecraft:diamond_boots":1,"minecraft:hay_block":27,"minecraft:poppy":7,"minecraft:diamond_helmet":1,"minecraft:baked_potato":64,"minecraft:diamond_pickaxe":1,"minecraft:sunflower":2,"minecraft:oxeye_daisy":2}},"DataVersion":3465}