{"stats":{"minecraft:killed":{"minecraft:spider":1,"minecraft:zombie":3,"minecraft:drowned":1},"minecraft:mined":{"minecraft:cut_sandstone":1,"minecraft:crafting_table":4,"minecraft:jungle_log":1,"minecraft:hay_block":25,"minecraft:iron_ore":2,"minecraft:oak_log":11,"minecraft:coal_ore":42,"minecraft:dirt":6,"minecraft:sand":1,"minecraft:stone":41,"minecraft:netherrack":1,"minecraft:oak_leaves":9},"minecraft:used":{"minecraft:stone_sword":14,"minecraft:stone_pickaxe":70,"minecraft:wooden_pickaxe":17,"minecraft:cut_sandstone":1,"minecraft:cooked_chicken":1,"minecraft:netherrack":1,"minecraft:dirt":8,"minecraft:sand":1,"minecraft:crafting_table":6,"minecraft:wooden_axe":7,"minecraft:apple":2,"minecraft:bread":9,"minecraft:map":1,"minecraft:stone_axe":4,"minecraft:wooden_sword":13,"minecraft:oak_sapling":11,"minecraft:oak_boat":1},"minecraft:crafted":{"minecraft:wooden_sword":1,"minecraft:oak_planks":44,"minecraft:crafting_table":3,"minecraft:wooden_pickaxe":1,"minecraft:furnace":1,"minecraft:stone_axe":1,"minecraft:bread":4,"minecraft:jungle_planks":4,"minecraft:oak_boat":1,"minecraft:stick":4,"minecraft:stone_pickaxe":1,"minecraft:wooden_axe":1,"minecraft:stone_sword":1},"minecraft:dropped":{"minecraft:bread":1,"minecraft:soul_soil":4,"minecraft:crafting_table":1,"minecraft:rotten_flesh":4,"minecraft:filled_map":1,"minecraft:torch":2,"minecraft:wooden_axe":1,"minecraft:wooden_sword":1,"minecraft:wooden_pickaxe":1,"minecraft:netherrack":2},"minecraft:custom":{"minecraft:mob_kills":5,"minecraft:interact_with_crafting_table":7,"minecraft:time_since_death":52738,"minecraft:sleep_in_bed":2,"minecraft:climb_one_cm":44,"minecraft:time_since_rest":1550,"minecraft:sprint_one_cm":51416,"minecraft:damage_taken":545,"minecraft:walk_one_cm":186585,"minecraft:drop":12,"minecraft:damage_dealt":906,"minecraft:swim_one_cm":5945,"minecraft:fly_one_cm":61531,"minecraft:open_chest":5,"minecraft:crouch_one_cm":84,"minecraft:play_time":52738,"minecraft:sneak_time":415,"minecraft:walk_under_water_one_cm":3595,"minecraft:boat_one_cm":206482,"minecraft:jump":468,"minecraft:walk_on_water_one_cm":9047,"minecraft:total_world_time":52738,"minecraft:fall_one_cm":11011},"minecraft:picked_up":{"minecraft:crafting_table":5,"minecraft:jungle_log":1,"minecraft:cut_sandstone":1,"minecraft:oak_log":11,"minecraft:dirt":8,"minecraft:soul_soil":4,"minecraft:apple":2,"minecraft:cooked_chicken":1,"minecraft:oak_boat":1,"minecraft:stick":9,"minecraft:raw_iron":1,"minecraft:torch":2,"minecraft:sand":1,"minecraft:rotten_flesh":4,"minecraft:hay_block":25,"minecraft:bread":9,"minecraft:oak_sapling":11,"minecraft:netherrack":3,"minecraft:coal":42,"minecraft:cobblestone":41}},"DataVersion":3465}