{"stats":{"minecraft:killed":{"minecraft:spider":4,"minecraft:sheep":4,"minecraft:zombie":15,"minecraft:drowned":1,"minecraft:cow":4},"minecraft:mined":{"minecraft:cut_sandstone":1,"minecraft:spruce_planks":7,"minecraft:white_bed":4,"minecraft:jungle_leaves":2,"minecraft:brewing_stand":1,"minecraft:crafting_table":10,"minecraft:grass_block":3,"minecraft:jungle_planks":2,"minecraft:jungle_log":1,"minecraft:tall_grass":1,"minecraft:cobblestone":2,"minecraft:oak_planks":2,"minecraft:sandstone":12,"minecraft:hay_block":43,"minecraft:spruce_stairs":3,"minecraft:furnace":4,"minecraft:iron_ore":25,"minecraft:fire":4,"minecraft:andesite":5,"minecraft:grass":2,"minecraft:oak_log":26,"minecraft:coal_ore":68,"minecraft:cocoa":2,"minecraft:deepslate_iron_ore":6,"minecraft:sand":23,"minecraft:dirt":7,"minecraft:stone":104,"minecraft:netherrack":1,"minecraft:oak_leaves":14,"minecraft:deepslate":7,"minecraft:fern":1},"minecraft:used":{"minecraft:stone_sword":14,"minecraft:stone_pickaxe":120,"farmersdelight:golden_knife":10,"minecraft:wooden_pickaxe":17,"minecraft:shield":8,"minecraft:cut_sandstone":1,"minecraft:iron_sword":92,"minecraft:cooked_chicken":1,"minecraft:netherrack":1,"minecraft:torch":15,"minecraft:sand":1,"minecraft:dirt":8,"minecraft:cocoa_beans":6,"minecraft:crafting_table":13,"minecraft:white_bed":3,"minecraft:wooden_axe":7,"minecraft:apple":3,"minecraft:iron_pickaxe":100,"minecraft:map":1,"minecraft:bread":36,"minecraft:stone_axe":34,"minecraft:wooden_sword":13,"minecraft:cobblestone":2,"minecraft:oak_sapling":19,"minecraft:furnace":4,"minecraft:oak_boat":4,"minecraft:cobbled_deepslate":7},"minecraft:crafted":{"minecraft:wooden_sword":1,"minecraft:oak_planks":44,"minecraft:crafting_table":3,"minecraft:iron_helmet":1,"minecraft:wooden_pickaxe":1,"minecraft:iron_sword":1,"minecraft:furnace":1,"minecraft:stone_axe":1,"minecraft:bread":67,"minecraft:jungle_planks":4,"minecraft:oak_boat":1,"minecraft:iron_chestplate":1,"minecraft:shield":1,"minecraft:stick":12,"minecraft:iron_ingot":30,"minecraft:iron_pickaxe":1,"minecraft:stone_pickaxe":1,"minecraft:wooden_axe":1,"minecraft:stone_sword":1,"minecraft:iron_leggings":1,"minecraft:torch":52,"minecraft:wheat":387},"minecraft:dropped":{"farmersdelight:tomato_seeds":3,"minecraft:bread":1,"minecraft:wheat_seeds":1,"minecraft:soul_soil":4,"minecraft:stone_sword":1,"minecraft:crafting_table":1,"minecraft:cobblestone":19,"minecraft:rotten_flesh":16,"minecraft:spruce_stairs":3,"minecraft:leather_helmet":1,"minecraft:filled_map":1,"minecraft:dirt":1,"minecraft:potato":6,"farmersdelight:golden_knife":1,"minecraft:torch":2,"minecraft:wooden_axe":1,"minecraft:andesite":4,"minecraft:leather_boots":1,"minecraft:leather_leggings":1,"minecraft:wooden_sword":1,"minecraft:sandstone":11,"minecraft:sand":22,"minecraft:wooden_pickaxe":1,"minecraft:stone_pickaxe":1,"minecraft:string":2,"minecraft:netherrack":2},"minecraft:custom":{"minecraft:interact_with_furnace":15,"minecraft:mob_kills":28,"minecraft:interact_with_crafting_table":16,"minecraft:interact_with_stonecutter":1,"minecraft:leave_game":1,"minecraft:time_since_death":118299,"minecraft:sleep_in_bed":5,"minecraft:climb_one_cm":1126,"minecraft:time_since_rest":9416,"minecraft:sprint_one_cm":178399,"minecraft:damage_taken":1634,"minecraft:walk_one_cm":432193,"minecraft:damage_blocked_by_shield":345,"minecraft:drop":31,"minecraft:damage_dealt":4415,"minecraft:swim_one_cm":10092,"minecraft:talked_to_villager":12,"minecraft:fly_one_cm":265438,"minecraft:open_chest":10,"minecraft:play_time":118299,"minecraft:crouch_one_cm":2059,"minecraft:sneak_time":1356,"minecraft:walk_under_water_one_cm":17519,"minecraft:boat_one_cm":273881,"minecraft:jump":1672,"minecraft:interact_with_blast_furnace":1,"minecraft:walk_on_water_one_cm":40374,"minecraft:fall_one_cm":36386,"minecraft:total_world_time":118299},"minecraft:picked_up":{"minecraft:cocoa_beans":6,"minecraft:crafting_table":11,"minecraft:andesite":4,"minecraft:jungle_log":1,"minecraft:cut_sandstone":1,"minecraft:leather":3,"minecraft:oak_log":26,"minecraft:brewing_stand":1,"minecraft:dirt":11,"minecraft:string":2,"minecraft:soul_soil":4,"minecraft:apple":3,"minecraft:wheat_seeds":1,"minecraft:cobbled_deepslate":7,"minecraft:spruce_planks":7,"minecraft:beef":8,"minecraft:cooked_chicken":1,"minecraft:oak_boat":4,"minecraft:light_gray_wool":1,"minecraft:oak_planks":2,"minecraft:furnace":4,"minecraft:stick":19,"minecraft:raw_iron":30,"minecraft:sandstone":11,"minecraft:torch":2,"minecraft:spruce_stairs":3,"minecraft:sand":23,"minecraft:jungle_planks":2,"minecraft:white_bed":4,"minecraft:rotten_flesh":16,"minecraft:hay_block":43,"minecraft:bread":9,"minecraft:oak_sapling":19,"minecraft:netherrack":3,"minecraft:mutton":6,"minecraft:coal":116,"minecraft:white_wool":3,"minecraft:cobblestone":101}},"DataVersion":3465}