{"stats":{"minecraft:killed":{"minecraft:spider":1,"minecraft:zombie":14,"minecraft:drowned":1,"minecraft:cow":3},"minecraft:mined":{"minecraft:cut_sandstone":1,"minecraft:white_bed":1,"minecraft:spruce_planks":7,"minecraft:brewing_stand":1,"minecraft:crafting_table":8,"minecraft:grass_block":1,"minecraft:jungle_planks":2,"minecraft:jungle_log":1,"minecraft:oak_planks":2,"minecraft:sandstone":12,"minecraft:spruce_stairs":3,"minecraft:hay_block":43,"minecraft:furnace":2,"minecraft:iron_ore":11,"minecraft:andesite":5,"minecraft:oak_log":26,"minecraft:coal_ore":61,"minecraft:deepslate_iron_ore":6,"minecraft:cocoa":2,"minecraft:dirt":6,"minecraft:sand":23,"minecraft:stone":76,"minecraft:netherrack":1,"minecraft:oak_leaves":9,"minecraft:deepslate":7},"minecraft:used":{"minecraft:stone_sword":14,"minecraft:stone_pickaxe":120,"minecraft:shield":4,"minecraft:wooden_pickaxe":17,"minecraft:iron_sword":50,"minecraft:cut_sandstone":1,"minecraft:cooked_chicken":1,"minecraft:netherrack":1,"minecraft:torch":5,"minecraft:dirt":8,"minecraft:sand":1,"minecraft:cocoa_beans":6,"minecraft:crafting_table":10,"minecraft:wooden_axe":7,"minecraft:apple":3,"minecraft:iron_pickaxe":47,"minecraft:bread":22,"minecraft:map":1,"minecraft:stone_axe":31,"minecraft:wooden_sword":13,"minecraft:furnace":2,"minecraft:oak_sapling":19,"minecraft:oak_boat":2,"minecraft:cobbled_deepslate":7},"minecraft:crafted":{"minecraft:wooden_sword":1,"minecraft:oak_planks":44,"minecraft:crafting_table":3,"minecraft:wooden_pickaxe":1,"minecraft:iron_sword":1,"minecraft:furnace":1,"minecraft:stone_axe":1,"minecraft:bread":67,"minecraft:jungle_planks":4,"minecraft:oak_boat":1,"minecraft:iron_chestplate":1,"minecraft:shield":1,"minecraft:stick":12,"minecraft:iron_ingot":16,"minecraft:iron_pickaxe":1,"minecraft:stone_pickaxe":1,"minecraft:wooden_axe":1,"minecraft:stone_sword":1,"minecraft:torch":52,"minecraft:wheat":387},"minecraft:dropped":{"minecraft:bread":1,"minecraft:soul_soil":4,"minecraft:stone_sword":1,"minecraft:crafting_table":1,"minecraft:rotten_flesh":16,"minecraft:spruce_stairs":3,"minecraft:filled_map":1,"minecraft:dirt":1,"minecraft:torch":2,"minecraft:andesite":4,"minecraft:wooden_axe":1,"minecraft:wooden_sword":1,"minecraft:sandstone":11,"minecraft:sand":22,"minecraft:stone_pickaxe":1,"minecraft:wooden_pickaxe":1,"minecraft:netherrack":2},"minecraft:custom":{"minecraft:interact_with_furnace":10,"minecraft:mob_kills":19,"minecraft:interact_with_crafting_table":12,"minecraft:interact_with_stonecutter":1,"minecraft:time_since_death":88738,"minecraft:sleep_in_bed":2,"minecraft:climb_one_cm":44,"minecraft:time_since_rest":37550,"minecraft:sprint_one_cm":115492,"minecraft:damage_taken":1041,"minecraft:walk_one_cm":311012,"minecraft:damage_blocked_by_shield":90,"minecraft:drop":22,"minecraft:damage_dealt":3155,"minecraft:talked_to_villager":4,"minecraft:swim_one_cm":9108,"minecraft:fly_one_cm":169219,"minecraft:open_chest":8,"minecraft:crouch_one_cm":1788,"minecraft:play_time":88738,"minecraft:sneak_time":1132,"minecraft:walk_under_water_one_cm":10270,"minecraft:boat_one_cm":219469,"minecraft:jump":1142,"minecraft:interact_with_blast_furnace":1,"minecraft:walk_on_water_one_cm":20797,"minecraft:total_world_time":88738,"minecraft:fall_one_cm":27479},"minecraft:picked_up":{"minecraft:cocoa_beans":6,"minecraft:crafting_table":9,"minecraft:andesite":4,"minecraft:jungle_log":1,"minecraft:leather":3,"minecraft:cut_sandstone":1,"minecraft:oak_log":26,"minecraft:brewing_stand":1,"minecraft:dirt":9,"minecraft:soul_soil":4,"minecraft:apple":3,"minecraft:wheat_seeds":1,"minecraft:cobbled_deepslate":7,"minecraft:spruce_planks":7,"minecraft:beef":6,"minecraft:cooked_chicken":1,"minecraft:oak_boat":2,"minecraft:oak_planks":2,"minecraft:furnace":2,"minecraft:sandstone":11,"minecraft:stick":19,"minecraft:raw_iron":16,"minecraft:torch":2,"minecraft:jungle_planks":2,"minecraft:spruce_stairs":3,"minecraft:sand":23,"minecraft:white_bed":1,"minecraft:rotten_flesh":16,"minecraft:hay_block":43,"minecraft:bread":9,"minecraft:oak_sapling":19,"minecraft:netherrack":3,"minecraft:coal":109,"minecraft:cobblestone":71}},"DataVersion":3465}