{"stats":{"minecraft:custom":{"minecraft:mob_kills":97,"minecraft:animals_bred":11,"minecraft:interact_with_crafting_table":57,"minecraft:leave_game":6,"minecraft:time_since_death":66339,"minecraft:sprint_one_cm":528795,"minecraft:walk_one_cm":1029629,"minecraft:damage_blocked_by_shield":6645,"minecraft:drop":61,"minecraft:talked_to_villager":10,"minecraft:play_time":274579,"minecraft:deaths":3,"minecraft:sneak_time":11860,"minecraft:walk_under_water_one_cm":23404,"minecraft:jump":4884,"minecraft:interact_with_blast_furnace":24,"minecraft:walk_on_water_one_cm":58716,"minecraft:total_world_time":274579,"minecraft:interact_with_furnace":66,"minecraft:interact_with_stonecutter":1,"minecraft:sleep_in_bed":8,"minecraft:time_since_rest":66626,"minecraft:damage_taken":4053,"minecraft:damage_dealt":16778,"minecraft:swim_one_cm":26711,"minecraft:fly_one_cm":635386,"minecraft:player_kills":1,"minecraft:open_chest":57,"minecraft:crouch_one_cm":38798,"minecraft:interact_with_smoker":10,"minecraft:fall_one_cm":86822},"minecraft:dropped":{"minecraft:iron_ingot":1,"minecraft:lilac":14,"minecraft:granite":1,"minecraft:golden_apple":1,"minecraft:dirt":2,"minecraft:torch":5,"minecraft:string":2,"minecraft:redstone":102,"minecraft:bone":9,"minecraft:spyglass":1,"minecraft:cobbled_deepslate":1,"minecraft:tuff":1,"minecraft:wheat":3,"minecraft:rotten_flesh":17,"minecraft:oak_planks":12,"minecraft:cooked_mutton":12,"minecraft:white_bed":1,"minecraft:carrot":15,"minecraft:chainmail_chestplate":1,"minecraft:diamond_sword":2,"minecraft:shield":1,"minecraft:diamond_pickaxe":3,"minecraft:oak_sapling":1,"minecraft:spider_eye":1,"minecraft:bow":1,"minecraft:raw_gold":18,"minecraft:oak_leaves":16,"minecraft:terracotta":2},"minecraft:used":{"minecraft:oak_fence":27,"minecraft:beetroot":1,"minecraft:chest":4,"minecraft:shield":107,"minecraft:rotten_flesh":4,"minecraft:iron_chestplate":1,"minecraft:torch":187,"minecraft:spyglass":43,"minecraft:dirt":29,"minecraft:carrot":39,"minecraft:oak_fence_gate":2,"minecraft:wooden_axe":44,"minecraft:iron_axe":37,"minecraft:golden_carrot":8,"minecraft:furnace":11,"minecraft:cooked_beef":2,"minecraft:potato":9,"minecraft:cobbled_deepslate":158,"minecraft:wheat_seeds":46,"minecraft:cooked_mutton":36,"minecraft:water_bucket":7,"minecraft:stone_pickaxe":85,"minecraft:oak_planks":44,"minecraft:wooden_pickaxe":4,"minecraft:crafting_table":10,"minecraft:blast_furnace":1,"minecraft:white_bed":5,"minecraft:shears":20,"minecraft:diamond_pickaxe":253,"minecraft:iron_pickaxe":443,"minecraft:diamond_sword":345,"minecraft:wooden_sword":61,"minecraft:cobblestone":95,"minecraft:cooked_porkchop":5,"minecraft:bucket":8},"minecraft:broken":{"minecraft:shield":1,"minecraft:iron_pickaxe":1},"minecraft:crafted":{"minecraft:wooden_sword":1,"minecraft:oak_planks":236,"minecraft:spyglass":2,"minecraft:furnace":10,"minecraft:cooked_mutton":18,"minecraft:bow":1,"minecraft:iron_boots":1,"minecraft:iron_axe":1,"minecraft:stone_pickaxe":1,"minecraft:chest":3,"minecraft:oak_fence":25,"minecraft:cooked_beef":2,"minecraft:diamond_sword":2,"minecraft:cooked_porkchop":11,"minecraft:crafting_table":5,"minecraft:wooden_pickaxe":2,"minecraft:iron_helmet":1,"minecraft:copper_ingot":8,"minecraft:bucket":1,"minecraft:air":0,"minecraft:oak_fence_gate":1,"minecraft:iron_chestplate":1,"minecraft:diamond_pickaxe":1,"minecraft:shield":3,"minecraft:stick":104,"minecraft:iron_ingot":74,"minecraft:iron_pickaxe":3,"minecraft:wooden_axe":2,"minecraft:iron_leggings":1,"minecraft:gold_ingot":9,"minecraft:torch":192,"minecraft:shears":1},"minecraft:mined":{"minecraft:tuff":15,"minecraft:white_bed":6,"minecraft:deepslate_diamond_ore":18,"minecraft:glow_lichen":1,"minecraft:granite":7,"minecraft:grass_block":25,"minecraft:furnace":3,"minecraft:carrots":18,"minecraft:cobbled_deepslate":3,"minecraft:iron_ore":79,"minecraft:fire":10,"minecraft:deepslate_lapis_ore":7,"minecraft:gold_block":1,"minecraft:potatoes":4,"minecraft:deepslate_iron_ore":75,"minecraft:small_amethyst_bud":2,"minecraft:stone":154,"minecraft:medium_amethyst_bud":1,"minecraft:amethyst_cluster":4,"minecraft:dandelion":1,"minecraft:crafting_table":6,"minecraft:torch":6,"minecraft:blast_furnace":1,"minecraft:chest":1,"minecraft:cobblestone":20,"minecraft:tall_grass":47,"minecraft:copper_ore":9,"minecraft:deepslate_coal_ore":1,"minecraft:lapis_ore":5,"minecraft:deepslate_gold_ore":59,"minecraft:oak_planks":4,"minecraft:diorite":5,"minecraft:wall_torch":17,"minecraft:wheat":41,"minecraft:birch_leaves":2,"minecraft:grass":89,"minecraft:oak_log":77,"minecraft:coal_ore":104,"minecraft:beetroots":1,"minecraft:oak_fence_gate":1,"minecraft:sunflower":1,"minecraft:dirt":20,"minecraft:smooth_basalt":4,"minecraft:netherrack":1,"minecraft:oak_leaves":36,"minecraft:deepslate":194},"minecraft:killed":{"minecraft:spider":4,"minecraft:skeleton":29,"minecraft:pig":7,"minecraft:zombie_villager":2,"minecraft:salmon":3,"minecraft:creeper":6,"minecraft:sheep":11,"minecraft:zombie":29,"minecraft:player":1,"minecraft:cow":1,"minecraft:enderman":2},"minecraft:killed_by":{"minecraft:skeleton":1,"minecraft:zombie":1},"minecraft:picked_up":{"minecraft:crafting_table":6,"minecraft:wheat":48,"minecraft:diamond_sword":1,"minecraft:gold_block":1,"minecraft:string":8,"minecraft:raw_copper":31,"minecraft:beetroot":2,"minecraft:cobbled_deepslate":213,"minecraft:beef":2,"minecraft:wooden_shovel":1,"minecraft:chest":1,"minecraft:furnace":3,"minecraft:stick":7,"minecraft:raw_iron":148,"minecraft:torch":26,"minecraft:porkchop":11,"minecraft:diorite":8,"minecraft:carrot":71,"minecraft:redstone":108,"minecraft:arrow":46,"minecraft:rotten_flesh":33,"minecraft:beetroot_seeds":6,"minecraft:mutton":18,"minecraft:white_wool":18,"minecraft:cobblestone":220,"minecraft:lilac":14,"minecraft:golden_carrot":8,"minecraft:water_bucket":1,"minecraft:salmon":3,"minecraft:leather":1,"minecraft:potato":28,"minecraft:tuff":14,"minecraft:oak_log":82,"minecraft:chainmail_chestplate":1,"minecraft:gunpowder":12,"minecraft:lapis_lazuli":107,"minecraft:dirt":51,"minecraft:cooked_mutton":32,"minecraft:bone":44,"minecraft:bow":2,"minecraft:wheat_seeds":155,"minecraft:raw_gold":74,"minecraft:oak_fence_gate":1,"minecraft:iron_ingot":1,"minecraft:oak_planks":16,"minecraft:iron_sword":1,"minecraft:smooth_basalt":10,"minecraft:dandelion":6,"minecraft:gravel":1,"minecraft:amethyst_shard":32,"minecraft:blast_furnace":1,"minecraft:white_bed":6,"minecraft:spider_eye":1,"minecraft:diamond":18,"minecraft:granite":5,"minecraft:terracotta":2,"minecraft:oak_sapling":1,"minecraft:coal":114,"minecraft:netherrack":1,"minecraft:oak_leaves":16,"minecraft:ender_pearl":1,"minecraft:diamond_pickaxe":3}},"DataVersion":3465}