{"stats":{"minecraft:custom":{"minecraft:mob_kills":86,"minecraft:animals_bred":11,"minecraft:interact_with_crafting_table":55,"minecraft:leave_game":6,"minecraft:time_since_death":42339,"minecraft:sprint_one_cm":494106,"minecraft:walk_one_cm":933078,"minecraft:damage_blocked_by_shield":5985,"minecraft:drop":60,"minecraft:talked_to_villager":10,"minecraft:play_time":250579,"minecraft:deaths":3,"minecraft:sneak_time":11403,"minecraft:walk_under_water_one_cm":22811,"minecraft:jump":4549,"minecraft:interact_with_blast_furnace":24,"minecraft:walk_on_water_one_cm":57586,"minecraft:total_world_time":250579,"minecraft:interact_with_furnace":55,"minecraft:interact_with_stonecutter":1,"minecraft:sleep_in_bed":8,"minecraft:time_since_rest":42626,"minecraft:damage_taken":3680,"minecraft:damage_dealt":14538,"minecraft:swim_one_cm":26711,"minecraft:fly_one_cm":617087,"minecraft:player_kills":1,"minecraft:open_chest":57,"minecraft:crouch_one_cm":36378,"minecraft:interact_with_smoker":10,"minecraft:fall_one_cm":83576},"minecraft:dropped":{"minecraft:iron_ingot":1,"minecraft:lilac":14,"minecraft:granite":1,"minecraft:golden_apple":1,"minecraft:dirt":2,"minecraft:torch":5,"minecraft:string":2,"minecraft:redstone":102,"minecraft:bone":9,"minecraft:spyglass":1,"minecraft:cobbled_deepslate":1,"minecraft:tuff":1,"minecraft:wheat":3,"minecraft:rotten_flesh":17,"minecraft:oak_planks":12,"minecraft:cooked_mutton":12,"minecraft:white_bed":1,"minecraft:carrot":15,"minecraft:chainmail_chestplate":1,"minecraft:diamond_sword":2,"minecraft:diamond_pickaxe":3,"minecraft:oak_sapling":1,"minecraft:spider_eye":1,"minecraft:bow":1,"minecraft:raw_gold":18,"minecraft:oak_leaves":16,"minecraft:terracotta":2},"minecraft:used":{"minecraft:oak_fence":27,"minecraft:beetroot":1,"minecraft:chest":4,"minecraft:shield":97,"minecraft:rotten_flesh":4,"minecraft:iron_chestplate":1,"minecraft:torch":145,"minecraft:spyglass":43,"minecraft:dirt":29,"minecraft:carrot":39,"minecraft:oak_fence_gate":2,"minecraft:wooden_axe":44,"minecraft:iron_axe":37,"minecraft:golden_carrot":8,"minecraft:furnace":9,"minecraft:cooked_beef":2,"minecraft:potato":9,"minecraft:cobbled_deepslate":101,"minecraft:wheat_seeds":46,"minecraft:cooked_mutton":29,"minecraft:water_bucket":7,"minecraft:stone_pickaxe":85,"minecraft:oak_planks":44,"minecraft:wooden_pickaxe":4,"minecraft:crafting_table":9,"minecraft:blast_furnace":1,"minecraft:white_bed":5,"minecraft:shears":20,"minecraft:diamond_pickaxe":107,"minecraft:iron_pickaxe":443,"minecraft:diamond_sword":305,"minecraft:wooden_sword":61,"minecraft:cobblestone":95,"minecraft:cooked_porkchop":5,"minecraft:bucket":8},"minecraft:broken":{"minecraft:shield":1,"minecraft:iron_pickaxe":1},"minecraft:crafted":{"minecraft:wooden_sword":1,"minecraft:oak_planks":228,"minecraft:spyglass":2,"minecraft:furnace":8,"minecraft:cooked_mutton":10,"minecraft:bow":1,"minecraft:iron_boots":1,"minecraft:iron_axe":1,"minecraft:stone_pickaxe":1,"minecraft:chest":3,"minecraft:oak_fence":25,"minecraft:cooked_beef":2,"minecraft:diamond_sword":2,"minecraft:cooked_porkchop":5,"minecraft:crafting_table":4,"minecraft:wooden_pickaxe":2,"minecraft:iron_helmet":1,"minecraft:copper_ingot":8,"minecraft:bucket":1,"minecraft:air":0,"minecraft:oak_fence_gate":1,"minecraft:iron_chestplate":1,"minecraft:diamond_pickaxe":1,"minecraft:shield":3,"minecraft:stick":96,"minecraft:iron_ingot":74,"minecraft:iron_pickaxe":3,"minecraft:wooden_axe":2,"minecraft:iron_leggings":1,"minecraft:gold_ingot":9,"minecraft:torch":160,"minecraft:shears":1},"minecraft:mined":{"minecraft:tuff":3,"minecraft:white_bed":6,"minecraft:deepslate_diamond_ore":14,"minecraft:glow_lichen":1,"minecraft:granite":7,"minecraft:grass_block":25,"minecraft:furnace":1,"minecraft:carrots":18,"minecraft:cobbled_deepslate":2,"minecraft:iron_ore":79,"minecraft:fire":10,"minecraft:deepslate_lapis_ore":7,"minecraft:gold_block":1,"minecraft:potatoes":4,"minecraft:deepslate_iron_ore":69,"minecraft:small_amethyst_bud":2,"minecraft:stone":146,"minecraft:medium_amethyst_bud":1,"minecraft:amethyst_cluster":4,"minecraft:dandelion":1,"minecraft:crafting_table":6,"minecraft:torch":2,"minecraft:blast_furnace":1,"minecraft:chest":1,"minecraft:cobblestone":20,"minecraft:tall_grass":47,"minecraft:copper_ore":9,"minecraft:deepslate_coal_ore":1,"minecraft:lapis_ore":5,"minecraft:deepslate_gold_ore":41,"minecraft:oak_planks":4,"minecraft:diorite":5,"minecraft:wall_torch":10,"minecraft:wheat":41,"minecraft:birch_leaves":2,"minecraft:grass":89,"minecraft:oak_log":77,"minecraft:coal_ore":104,"minecraft:beetroots":1,"minecraft:oak_fence_gate":1,"minecraft:sunflower":1,"minecraft:dirt":14,"minecraft:smooth_basalt":4,"minecraft:netherrack":1,"minecraft:oak_leaves":36,"minecraft:deepslate":105},"minecraft:killed":{"minecraft:spider":4,"minecraft:skeleton":24,"minecraft:pig":7,"minecraft:zombie_villager":2,"minecraft:salmon":3,"minecraft:creeper":4,"minecraft:sheep":11,"minecraft:zombie":25,"minecraft:player":1,"minecraft:cow":1,"minecraft:enderman":2},"minecraft:killed_by":{"minecraft:skeleton":1,"minecraft:zombie":1},"minecraft:picked_up":{"minecraft:crafting_table":6,"minecraft:wheat":48,"minecraft:diamond_sword":1,"minecraft:gold_block":1,"minecraft:string":8,"minecraft:raw_copper":31,"minecraft:beetroot":2,"minecraft:cobbled_deepslate":112,"minecraft:beef":2,"minecraft:wooden_shovel":1,"minecraft:chest":1,"minecraft:furnace":1,"minecraft:stick":7,"minecraft:raw_iron":142,"minecraft:torch":15,"minecraft:porkchop":11,"minecraft:diorite":8,"minecraft:carrot":71,"minecraft:redstone":108,"minecraft:arrow":40,"minecraft:rotten_flesh":28,"minecraft:beetroot_seeds":6,"minecraft:mutton":18,"minecraft:white_wool":18,"minecraft:cobblestone":213,"minecraft:lilac":14,"minecraft:golden_carrot":8,"minecraft:water_bucket":1,"minecraft:salmon":3,"minecraft:leather":1,"minecraft:potato":28,"minecraft:tuff":2,"minecraft:oak_log":82,"minecraft:chainmail_chestplate":1,"minecraft:gunpowder":10,"minecraft:lapis_lazuli":107,"minecraft:dirt":45,"minecraft:cooked_mutton":32,"minecraft:bone":40,"minecraft:bow":1,"minecraft:wheat_seeds":155,"minecraft:raw_gold":57,"minecraft:oak_fence_gate":1,"minecraft:iron_ingot":1,"minecraft:oak_planks":16,"minecraft:iron_sword":1,"minecraft:smooth_basalt":10,"minecraft:dandelion":6,"minecraft:gravel":1,"minecraft:amethyst_shard":32,"minecraft:blast_furnace":1,"minecraft:white_bed":6,"minecraft:spider_eye":1,"minecraft:diamond":14,"minecraft:granite":5,"minecraft:terracotta":2,"minecraft:oak_sapling":1,"minecraft:coal":114,"minecraft:netherrack":1,"minecraft:oak_leaves":16,"minecraft:ender_pearl":1,"minecraft:diamond_pickaxe":3}},"DataVersion":3465}