{"stats":{"minecraft:custom":{"minecraft:mob_kills":66,"minecraft:animals_bred":11,"minecraft:interact_with_crafting_table":52,"minecraft:leave_game":6,"minecraft:time_since_death":6339,"minecraft:sprint_one_cm":433545,"minecraft:walk_one_cm":767926,"minecraft:damage_blocked_by_shield":3390,"minecraft:drop":53,"minecraft:talked_to_villager":10,"minecraft:play_time":214579,"minecraft:deaths":3,"minecraft:sneak_time":8988,"minecraft:walk_under_water_one_cm":22515,"minecraft:jump":3974,"minecraft:interact_with_blast_furnace":24,"minecraft:walk_on_water_one_cm":42382,"minecraft:total_world_time":214579,"minecraft:interact_with_furnace":55,"minecraft:interact_with_stonecutter":1,"minecraft:sleep_in_bed":8,"minecraft:time_since_rest":6626,"minecraft:damage_taken":2890,"minecraft:damage_dealt":10661,"minecraft:swim_one_cm":26711,"minecraft:fly_one_cm":590777,"minecraft:player_kills":1,"minecraft:open_chest":54,"minecraft:crouch_one_cm":27959,"minecraft:interact_with_smoker":10,"minecraft:fall_one_cm":77986},"minecraft:dropped":{"minecraft:iron_ingot":1,"minecraft:lilac":14,"minecraft:granite":1,"minecraft:golden_apple":1,"minecraft:dirt":1,"minecraft:torch":4,"minecraft:string":2,"minecraft:redstone":102,"minecraft:bone":9,"minecraft:spyglass":1,"minecraft:wheat":3,"minecraft:rotten_flesh":12,"minecraft:oak_planks":12,"minecraft:cooked_mutton":12,"minecraft:white_bed":1,"minecraft:carrot":15,"minecraft:diamond_sword":2,"minecraft:diamond_pickaxe":3,"minecraft:oak_sapling":1,"minecraft:bow":1,"minecraft:raw_gold":18,"minecraft:oak_leaves":16,"minecraft:terracotta":2},"minecraft:used":{"minecraft:oak_fence":27,"minecraft:beetroot":1,"minecraft:chest":3,"minecraft:shield":58,"minecraft:rotten_flesh":4,"minecraft:iron_chestplate":1,"minecraft:torch":80,"minecraft:spyglass":35,"minecraft:dirt":29,"minecraft:carrot":39,"minecraft:oak_fence_gate":2,"minecraft:wooden_axe":44,"minecraft:iron_axe":37,"minecraft:golden_carrot":8,"minecraft:furnace":9,"minecraft:cooked_beef":2,"minecraft:potato":9,"minecraft:cobbled_deepslate":59,"minecraft:wheat_seeds":46,"minecraft:cooked_mutton":17,"minecraft:water_bucket":1,"minecraft:stone_pickaxe":85,"minecraft:oak_planks":44,"minecraft:wooden_pickaxe":4,"minecraft:crafting_table":7,"minecraft:blast_furnace":1,"minecraft:white_bed":5,"minecraft:shears":20,"minecraft:iron_pickaxe":422,"minecraft:diamond_sword":218,"minecraft:wooden_sword":61,"minecraft:cobblestone":95,"minecraft:cooked_porkchop":5,"minecraft:bucket":2},"minecraft:broken":{"minecraft:shield":1,"minecraft:iron_pickaxe":1},"minecraft:crafted":{"minecraft:wooden_sword":1,"minecraft:oak_planks":228,"minecraft:spyglass":2,"minecraft:furnace":8,"minecraft:cooked_mutton":10,"minecraft:bow":1,"minecraft:iron_boots":1,"minecraft:iron_axe":1,"minecraft:stone_pickaxe":1,"minecraft:chest":2,"minecraft:oak_fence":25,"minecraft:cooked_beef":2,"minecraft:diamond_sword":2,"minecraft:cooked_porkchop":5,"minecraft:crafting_table":2,"minecraft:wooden_pickaxe":2,"minecraft:iron_helmet":1,"minecraft:copper_ingot":8,"minecraft:bucket":1,"minecraft:air":0,"minecraft:oak_fence_gate":1,"minecraft:iron_chestplate":1,"minecraft:shield":2,"minecraft:stick":80,"minecraft:iron_ingot":74,"minecraft:iron_pickaxe":3,"minecraft:wooden_axe":2,"minecraft:iron_leggings":1,"minecraft:gold_ingot":9,"minecraft:torch":104,"minecraft:shears":1},"minecraft:mined":{"minecraft:white_bed":6,"minecraft:deepslate_diamond_ore":6,"minecraft:glow_lichen":1,"minecraft:granite":7,"minecraft:grass_block":25,"minecraft:furnace":1,"minecraft:carrots":18,"minecraft:iron_ore":79,"minecraft:fire":10,"minecraft:deepslate_lapis_ore":7,"minecraft:gold_block":1,"minecraft:potatoes":4,"minecraft:deepslate_iron_ore":47,"minecraft:small_amethyst_bud":2,"minecraft:stone":146,"minecraft:medium_amethyst_bud":1,"minecraft:amethyst_cluster":4,"minecraft:dandelion":1,"minecraft:crafting_table":6,"minecraft:torch":2,"minecraft:blast_furnace":1,"minecraft:chest":1,"minecraft:cobblestone":20,"minecraft:tall_grass":47,"minecraft:copper_ore":9,"minecraft:deepslate_coal_ore":1,"minecraft:lapis_ore":5,"minecraft:deepslate_gold_ore":4,"minecraft:oak_planks":4,"minecraft:diorite":5,"minecraft:wall_torch":10,"minecraft:wheat":41,"minecraft:birch_leaves":2,"minecraft:grass":89,"minecraft:oak_log":77,"minecraft:coal_ore":104,"minecraft:beetroots":1,"minecraft:oak_fence_gate":1,"minecraft:sunflower":1,"minecraft:dirt":14,"minecraft:netherrack":1,"minecraft:oak_leaves":36,"minecraft:deepslate":53},"minecraft:killed":{"minecraft:spider":4,"minecraft:skeleton":16,"minecraft:pig":7,"minecraft:zombie_villager":1,"minecraft:salmon":3,"minecraft:creeper":3,"minecraft:sheep":11,"minecraft:zombie":17,"minecraft:player":1,"minecraft:cow":1,"minecraft:enderman":1},"minecraft:killed_by":{"minecraft:skeleton":1,"minecraft:zombie":1},"minecraft:picked_up":{"minecraft:crafting_table":6,"minecraft:wheat":48,"minecraft:diamond_sword":1,"minecraft:gold_block":1,"minecraft:string":8,"minecraft:raw_copper":31,"minecraft:beetroot":2,"minecraft:cobbled_deepslate":62,"minecraft:beef":2,"minecraft:wooden_shovel":1,"minecraft:chest":1,"minecraft:furnace":1,"minecraft:stick":7,"minecraft:raw_iron":120,"minecraft:torch":14,"minecraft:porkchop":11,"minecraft:diorite":8,"minecraft:carrot":71,"minecraft:redstone":108,"minecraft:arrow":29,"minecraft:rotten_flesh":18,"minecraft:beetroot_seeds":6,"minecraft:mutton":18,"minecraft:white_wool":18,"minecraft:cobblestone":213,"minecraft:lilac":14,"minecraft:golden_carrot":8,"minecraft:water_bucket":1,"minecraft:salmon":3,"minecraft:leather":1,"minecraft:potato":28,"minecraft:oak_log":82,"minecraft:gunpowder":9,"minecraft:lapis_lazuli":107,"minecraft:dirt":45,"minecraft:cooked_mutton":32,"minecraft:bone":34,"minecraft:bow":1,"minecraft:wheat_seeds":155,"minecraft:raw_gold":20,"minecraft:oak_fence_gate":1,"minecraft:iron_ingot":1,"minecraft:oak_planks":16,"minecraft:iron_sword":1,"minecraft:smooth_basalt":6,"minecraft:dandelion":6,"minecraft:amethyst_shard":32,"minecraft:blast_furnace":1,"minecraft:white_bed":6,"minecraft:spider_eye":1,"minecraft:diamond":6,"minecraft:granite":4,"minecraft:terracotta":2,"minecraft:oak_sapling":1,"minecraft:coal":114,"minecraft:netherrack":1,"minecraft:oak_leaves":16,"minecraft:diamond_pickaxe":3}},"DataVersion":3465}