{"stats":{"minecraft:killed":{"minecraft:spider":5,"minecraft:skeleton":29,"minecraft:pig":7,"minecraft:zombie_villager":2,"minecraft:salmon":3,"minecraft:creeper":6,"minecraft:sheep":11,"minecraft:zombie":31,"minecraft:player":6,"minecraft:cow":1,"minecraft:enderman":2},"minecraft:broken":{"minecraft:shield":1,"minecraft:iron_pickaxe":1},"minecraft:mined":{"minecraft:tuff":15,"minecraft:white_bed":6,"minecraft:deepslate_diamond_ore":18,"minecraft:glow_lichen":1,"minecraft:granite":7,"minecraft:grass_block":31,"minecraft:magma_block":3,"minecraft:furnace":3,"minecraft:carrots":18,"minecraft:iron_ore":79,"minecraft:cobbled_deepslate":3,"minecraft:fire":10,"minecraft:andesite":7,"minecraft:deepslate_lapis_ore":7,"minecraft:gold_block":1,"minecraft:potatoes":17,"minecraft:deepslate_iron_ore":75,"minecraft:oak_sign":1,"minecraft:small_amethyst_bud":2,"minecraft:stone":194,"minecraft:medium_amethyst_bud":1,"minecraft:amethyst_cluster":4,"minecraft:dandelion":1,"minecraft:crafting_table":6,"minecraft:torch":6,"minecraft:blast_furnace":1,"minecraft:chest":1,"minecraft:tall_grass":47,"minecraft:copper_ore":9,"minecraft:cobblestone":20,"minecraft:deepslate_coal_ore":1,"minecraft:lapis_ore":6,"minecraft:deepslate_gold_ore":59,"minecraft:oak_planks":4,"minecraft:bricks":1,"minecraft:diorite":5,"minecraft:wall_torch":19,"minecraft:wheat":41,"minecraft:birch_leaves":2,"minecraft:grass":89,"minecraft:oak_log":88,"minecraft:coal_ore":105,"minecraft:beetroots":1,"minecraft:oak_fence_gate":1,"minecraft:sunflower":1,"minecraft:sand":1,"minecraft:dirt":29,"minecraft:smooth_basalt":4,"minecraft:netherrack":1,"minecraft:oak_leaves":36,"minecraft:deepslate":194},"minecraft:used":{"minecraft:oak_fence":27,"minecraft:beetroot":1,"minecraft:writable_book":4,"minecraft:oak_sign":1,"minecraft:chest":5,"minecraft:shield":110,"minecraft:rotten_flesh":4,"minecraft:netherrack":6,"minecraft:iron_chestplate":1,"minecraft:torch":197,"minecraft:spyglass":87,"minecraft:dirt":41,"minecraft:carrot":39,"minecraft:oak_fence_gate":2,"minecraft:wooden_axe":44,"minecraft:iron_axe":38,"minecraft:magma_block":3,"minecraft:golden_carrot":8,"minecraft:bow":34,"minecraft:furnace":15,"minecraft:cooked_beef":9,"minecraft:potato":33,"minecraft:cobbled_deepslate":190,"minecraft:wheat_seeds":58,"minecraft:cooked_mutton":38,"minecraft:water_bucket":13,"minecraft:oak_planks":44,"minecraft:stone_pickaxe":85,"minecraft:ender_pearl":1,"minecraft:wooden_pickaxe":4,"minecraft:sand":1,"minecraft:blast_furnace":1,"minecraft:crafting_table":11,"minecraft:white_bed":5,"minecraft:shears":20,"minecraft:diamond_pickaxe":309,"minecraft:iron_pickaxe":443,"minecraft:diamond_sword":383,"minecraft:wooden_sword":61,"minecraft:cobblestone":109,"minecraft:cooked_porkchop":6,"minecraft:bucket":14},"minecraft:crafted":{"minecraft:wooden_sword":1,"minecraft:oak_planks":304,"minecraft:spyglass":2,"minecraft:furnace":14,"minecraft:cooked_mutton":18,"minecraft:diamond_helmet":1,"minecraft:bow":1,"minecraft:iron_boots":1,"minecraft:iron_axe":1,"minecraft:stone_pickaxe":1,"minecraft:chest":5,"minecraft:diamond_boots":1,"minecraft:oak_fence":25,"minecraft:cooked_beef":2,"minecraft:diamond_sword":2,"minecraft:cooked_porkchop":11,"minecraft:crafting_table":6,"minecraft:wooden_pickaxe":2,"minecraft:iron_helmet":1,"minecraft:copper_ingot":9,"minecraft:bucket":2,"minecraft:air":0,"minecraft:oak_fence_gate":1,"minecraft:iron_chestplate":1,"minecraft:diamond_pickaxe":1,"minecraft:shield":3,"minecraft:stick":104,"minecraft:iron_ingot":148,"minecraft:iron_pickaxe":3,"minecraft:wooden_axe":2,"minecraft:iron_leggings":1,"minecraft:gold_ingot":9,"minecraft:torch":192,"minecraft:shears":1},"minecraft:dropped":{"minecraft:water_bucket":2,"minecraft:iron_ingot":1,"minecraft:lilac":14,"minecraft:cooked_porkchop":1,"minecraft:granite":1,"minecraft:golden_apple":1,"minecraft:dirt":2,"minecraft:torch":5,"minecraft:string":2,"minecraft:redstone":102,"minecraft:bone":9,"minecraft:spyglass":3,"minecraft:cobbled_deepslate":1,"minecraft:tuff":1,"minecraft:wheat":3,"minecraft:rotten_flesh":17,"minecraft:oak_planks":12,"minecraft:cooked_mutton":12,"minecraft:white_bed":1,"minecraft:carrot":15,"minecraft:chainmail_chestplate":1,"minecraft:diamond_sword":2,"minecraft:shield":1,"minecraft:diamond_pickaxe":3,"minecraft:andesite":1,"minecraft:oak_sapling":1,"minecraft:spider_eye":1,"minecraft:bow":1,"minecraft:raw_gold":18,"minecraft:oak_leaves":16,"minecraft:terracotta":2},"minecraft:custom":{"minecraft:interact_with_anvil":3,"minecraft:mob_kills":100,"minecraft:animals_bred":11,"minecraft:interact_with_crafting_table":72,"minecraft:open_barrel":1,"minecraft:leave_game":10,"minecraft:time_since_death":14763,"minecraft:sprint_one_cm":695033,"minecraft:walk_one_cm":1190904,"minecraft:damage_blocked_by_shield":6688,"minecraft:drop":67,"minecraft:talked_to_villager":10,"minecraft:play_time":352692,"minecraft:deaths":9,"minecraft:sneak_time":17599,"minecraft:walk_under_water_one_cm":179690,"minecraft:jump":6093,"minecraft:interact_with_blast_furnace":28,"minecraft:walk_on_water_one_cm":85241,"minecraft:total_world_time":352692,"minecraft:interact_with_furnace":100,"minecraft:interact_with_loom":2,"minecraft:interact_with_stonecutter":1,"minecraft:interact_with_grindstone":2,"minecraft:sleep_in_bed":13,"minecraft:time_since_rest":347,"minecraft:damage_taken":7278,"minecraft:damage_dealt":18092,"minecraft:player_kills":6,"minecraft:swim_one_cm":54807,"minecraft:fly_one_cm":868318,"minecraft:open_chest":125,"minecraft:crouch_one_cm":55987,"minecraft:interact_with_smoker":16,"minecraft:fall_one_cm":123598},"minecraft:killed_by":{"minecraft:player":2,"minecraft:skeleton":1,"minecraft:zombie":1},"minecraft:picked_up":{"minecraft:crafting_table":6,"minecraft:wheat":48,"minecraft:diamond_sword":1,"minecraft:gold_block":1,"minecraft:string":9,"minecraft:raw_copper":31,"minecraft:oak_sign":1,"minecraft:beetroot":2,"minecraft:cobbled_deepslate":213,"minecraft:beef":2,"minecraft:wooden_shovel":1,"minecraft:chest":1,"minecraft:furnace":3,"minecraft:stick":15,"minecraft:raw_iron":148,"minecraft:torch":28,"minecraft:porkchop":11,"minecraft:diorite":8,"minecraft:carrot":71,"minecraft:redstone":108,"minecraft:arrow":46,"minecraft:rotten_flesh":34,"minecraft:beetroot_seeds":6,"minecraft:mutton":18,"minecraft:white_wool":18,"minecraft:cobblestone":259,"minecraft:magma_block":4,"minecraft:cooked_beef":12,"minecraft:lilac":14,"minecraft:golden_carrot":8,"minecraft:andesite":2,"minecraft:water_bucket":2,"minecraft:salmon":3,"minecraft:leather":1,"minecraft:potato":76,"minecraft:tuff":14,"minecraft:oak_log":93,"minecraft:chainmail_chestplate":1,"minecraft:gunpowder":12,"minecraft:lapis_lazuli":116,"minecraft:dirt":64,"minecraft:cooked_mutton":32,"minecraft:bone":44,"minecraft:kelp":30,"minecraft:bow":2,"minecraft:wheat_seeds":156,"minecraft:raw_gold":74,"minecraft:oak_fence_gate":1,"minecraft:iron_ingot":1,"minecraft:iron_sword":1,"minecraft:oak_planks":16,"minecraft:smooth_basalt":10,"minecraft:dandelion":6,"minecraft:spyglass":2,"minecraft:gravel":1,"minecraft:sand":1,"minecraft:amethyst_shard":32,"minecraft:blast_furnace":1,"minecraft:white_bed":6,"minecraft:spider_eye":1,"minecraft:diamond":18,"minecraft:granite":5,"minecraft:terracotta":2,"minecraft:oak_sapling":5,"minecraft:netherrack":1,"minecraft:bricks":1,"minecraft:coal":115,"minecraft:oak_leaves":16,"minecraft:ender_pearl":1,"minecraft:diamond_pickaxe":3}},"DataVersion":3465}