{"stats":{"minecraft:custom":{"minecraft:interact_with_smithing_table":2,"minecraft:interact_with_furnace":1,"minecraft:mob_kills":9,"minecraft:interact_with_crafting_table":8,"minecraft:time_since_death":94994,"minecraft:sleep_in_bed":3,"minecraft:time_since_rest":84499,"minecraft:sprint_one_cm":147364,"minecraft:damage_taken":748,"minecraft:walk_one_cm":255396,"minecraft:drop":148,"minecraft:damage_dealt":1565,"minecraft:swim_one_cm":59481,"minecraft:fly_one_cm":22553,"minecraft:open_chest":2,"minecraft:crouch_one_cm":3444,"minecraft:play_time":94994,"minecraft:sneak_time":828,"minecraft:walk_under_water_one_cm":44348,"minecraft:jump":480,"minecraft:walk_on_water_one_cm":49183,"minecraft:total_world_time":94994,"minecraft:fall_one_cm":4852,"minecraft:horse_one_cm":6422},"minecraft:dropped":{"minecraft:birch_planks":28,"minecraft:wheat_seeds":44,"minecraft:diamond_axe":1,"minecraft:oak_log":8,"minecraft:wheat":27,"minecraft:oak_planks":40},"minecraft:used":{"minecraft:wheat_seeds":27,"minecraft:diamond_axe":101,"minecraft:rotten_flesh":2,"minecraft:dirt":79,"minecraft:sand":16,"minecraft:carrot":100,"minecraft:oak_log":5,"minecraft:iron_hoe":43,"minecraft:diamond_pickaxe":590,"minecraft:sunflower":12,"minecraft:iron_pickaxe":66,"minecraft:diamond_chestplate":1,"minecraft:cobblestone":230,"minecraft:oak_sapling":2,"minecraft:birch_log":2,"minecraft:potato":3},"minecraft:crafted":{"minecraft:oak_planks":48,"minecraft:diamond_axe":1,"minecraft:crafting_table":1,"minecraft:iron_helmet":1,"minecraft:bucket":1,"minecraft:birch_planks":28,"minecraft:iron_chestplate":1,"minecraft:iron_boots":1,"minecraft:diamond_pickaxe":1,"minecraft:ladder":3,"minecraft:iron_hoe":1,"minecraft:iron_pickaxe":1,"minecraft:iron_leggings":1,"minecraft:oak_button":4,"minecraft:andesite":1,"minecraft:diamond_chestplate":1},"minecraft:mined":{"minecraft:farmland":3,"minecraft:oak_sapling":1,"minecraft:glow_lichen":1,"minecraft:granite":68,"minecraft:grass_block":97,"minecraft:cobblestone":96,"minecraft:tall_grass":8,"minecraft:copper_ore":5,"minecraft:diorite":9,"minecraft:carrots":55,"minecraft:birch_log":10,"minecraft:wheat":27,"minecraft:birch_leaves":18,"minecraft:andesite":5,"minecraft:grass":112,"minecraft:oak_log":5,"minecraft:sunflower":27,"minecraft:sand":15,"minecraft:dirt":14,"minecraft:stone":265,"minecraft:oak_leaves":10},"minecraft:killed":{"minecraft:pig":1,"minecraft:salmon":3,"minecraft:zombie_horse":1,"minecraft:zombie":3,"minecraft:drowned":1},"minecraft:picked_up":{"minecraft:birch_log":9,"minecraft:wheat":27,"minecraft:cooked_beef":15,"minecraft:salmon":3,"minecraft:andesite":5,"minecraft:potato":3,"minecraft:oak_log":25,"minecraft:dirt":112,"minecraft:raw_copper":17,"minecraft:cooked_mutton":13,"minecraft:wheat_seeds":85,"minecraft:iron_ingot":95,"minecraft:stick":29,"minecraft:sand":17,"minecraft:porkchop":3,"minecraft:diorite":8,"minecraft:carrot":165,"minecraft:rotten_flesh":3,"minecraft:diamond":14,"minecraft:granite":65,"minecraft:diamond_axe":1,"minecraft:oak_sapling":2,"minecraft:diamond_pickaxe":1,"minecraft:cobblestone":394,"minecraft:sunflower":19}},"DataVersion":3465}