{"stats":{"minecraft:custom":{"minecraft:time_since_rest":6499,"minecraft:interact_with_smithing_table":2,"minecraft:sprint_one_cm":27866,"minecraft:damage_taken":50,"minecraft:walk_one_cm":55858,"minecraft:mob_kills":4,"minecraft:drop":8,"minecraft:damage_dealt":268,"minecraft:swim_one_cm":3949,"minecraft:interact_with_crafting_table":4,"minecraft:fly_one_cm":5643,"minecraft:open_chest":2,"minecraft:crouch_one_cm":1373,"minecraft:play_time":16994,"minecraft:sneak_time":167,"minecraft:walk_under_water_one_cm":3236,"minecraft:jump":94,"minecraft:time_since_death":16994,"minecraft:walk_on_water_one_cm":1335,"minecraft:sleep_in_bed":3,"minecraft:total_world_time":16994,"minecraft:fall_one_cm":811},"minecraft:dropped":{"minecraft:oak_log":8},"minecraft:used":{"minecraft:oak_log":5,"minecraft:iron_pickaxe":33,"minecraft:sand":11,"minecraft:oak_sapling":2,"minecraft:carrot":20,"minecraft:birch_log":2,"minecraft:potato":2},"minecraft:crafted":{"minecraft:oak_planks":4,"minecraft:iron_boots":1,"minecraft:iron_chestplate":1,"minecraft:iron_helmet":1,"minecraft:iron_pickaxe":1,"minecraft:iron_leggings":1,"minecraft:oak_button":4},"minecraft:mined":{"minecraft:oak_sapling":1,"minecraft:carrots":19,"minecraft:birch_log":10,"minecraft:birch_leaves":18,"minecraft:oak_log":5,"minecraft:sand":11,"minecraft:oak_leaves":10},"minecraft:killed":{"minecraft:salmon":3,"minecraft:zombie_horse":1},"minecraft:picked_up":{"minecraft:birch_log":9,"minecraft:stick":2,"minecraft:cooked_beef":15,"minecraft:salmon":3,"minecraft:potato":3,"minecraft:sand":11,"minecraft:oak_log":24,"minecraft:carrot":62,"minecraft:dirt":1,"minecraft:iron_ingot":63,"minecraft:oak_sapling":2}},"DataVersion":3465}