{"stats":{"minecraft:killed":{"minecraft:spider":1,"minecraft:squid":4,"minecraft:zombie":1,"minecraft:cow":1},"minecraft:broken":{"minecraft:iron_shovel":1},"minecraft:mined":{"minecraft:glass_pane":1,"minecraft:deepslate_diamond_ore":19,"minecraft:kelp_plant":1,"minecraft:sculk_vein":6,"travelersbackpack:pumpkin":2,"minecraft:grass_block":2,"minecraft:bubble_coral_fan":1,"minecraft:brain_coral_fan":1,"minecraft:tall_grass":3,"minecraft:deepslate_gold_ore":4,"minecraft:horn_coral_wall_fan":2,"minecraft:sculk":3,"minecraft:fire_coral_fan":1,"minecraft:seagrass":1,"minecraft:horn_coral":1,"minecraft:spore_blossom":1,"minecraft:tall_seagrass":5,"minecraft:red_terracotta":4,"minecraft:sculk_catalyst":1,"naturalist:teddy_bear":2,"minecraft:sea_pickle":5,"minecraft:grass":2,"minecraft:deepslate_iron_ore":2,"minecraft:dirt":3,"minecraft:bubble_coral_wall_fan":1,"minecraft:gravel":13,"minecraft:brain_coral_wall_fan":1,"minecraft:bamboo":8,"minecraft:brain_coral":2,"minecraft:deepslate":75},"minecraft:used":{"minecraft:netherite_sword":1,"minecraft:iron_shovel":1,"minecraft:redstone":2,"minecraft:oak_sign":1,"minecraft:iron_sword":12,"minecraft:torch":8,"minecraft:dirt":31,"minecraft:white_carpet":1,"minecraft:dark_oak_door":2,"minecraft:redstone_torch":1,"minecraft:diamond_pickaxe":118,"minecraft:jungle_log":1,"minecraft:red_terracotta":2,"travelersbackpack:pumpkin":9,"minecraft:gravel":3,"travelersbackpack:snow":1,"minecraft:bamboo":7,"minecraft:diamond_sword":18,"minecraft:beef":3,"minecraft:porkchop":3,"naturalist:teddy_bear":3,"minecraft:cobbled_deepslate":29},"minecraft:crafted":{"minecraft:crafting_table":1,"minecraft:dark_oak_planks":4},"minecraft:dropped":{"minecraft:wheat_seeds":9,"minecraft:netherite_sword":1,"minecraft:stick":3,"minecraft:bow":2},"minecraft:custom":{"minecraft:mob_kills":7,"minecraft:animals_bred":4,"minecraft:interact_with_crafting_table":1,"minecraft:leave_game":1,"minecraft:time_since_death":36330,"minecraft:sleep_in_bed":3,"minecraft:climb_one_cm":6849,"minecraft:time_since_rest":8350,"minecraft:sprint_one_cm":50103,"minecraft:damage_taken":3791,"minecraft:walk_one_cm":228981,"minecraft:drop":5,"minecraft:damage_dealt":1025,"minecraft:swim_one_cm":51654,"minecraft:fly_one_cm":88583,"minecraft:open_chest":29,"minecraft:crouch_one_cm":20673,"minecraft:play_time":89775,"minecraft:deaths":11,"minecraft:sneak_time":7278,"minecraft:walk_under_water_one_cm":42369,"minecraft:boat_one_cm":534014,"minecraft:jump":828,"minecraft:walk_on_water_one_cm":15829,"minecraft:total_world_time":89775,"minecraft:fall_one_cm":17371},"minecraft:killed_by":{"minecraft:player":3,"minecraft:skeleton":3,"minecraft:creeper":2,"minecraft:zombie":1},"minecraft:picked_up":{"minecraft:glow_ink_sac":1,"minecraft:jungle_log":1,"naturalist:teddy_bear":1,"minecraft:lead":2,"minecraft:flint":4,"minecraft:tuff":20,"minecraft:gunpowder":1,"minecraft:dirt":28,"minecraft:string":5,"minecraft:bone":7,"minecraft:sea_pickle":16,"minecraft:kelp":3,"minecraft:bow":1,"farmersdelight:honey_glazed_ham":5,"minecraft:wheat_seeds":11,"minecraft:cobbled_deepslate":253,"minecraft:raw_gold":4,"minecraft:spore_blossom":1,"minecraft:beef":3,"minecraft:bamboo":22,"minecraft:dark_oak_door":2,"minecraft:raw_iron":2,"minecraft:stick":6,"minecraft:torch":6,"minecraft:gravel":16,"minecraft:ink_sac":8,"minecraft:redstone":4,"minecraft:red_terracotta":2,"minecraft:spider_eye":2,"travelersbackpack:snow":1,"minecraft:arrow":4,"minecraft:rotten_flesh":7,"minecraft:diamond":23,"minecraft:shears":1,"travelersbackpack:pumpkin":2,"minecraft:oak_sapling":1,"minecraft:cobblestone":64,"minecraft:diamond_pickaxe":1}},"DataVersion":3465}