{"stats":{"minecraft:killed":{"minecraft:spider":4,"naturalist:robin":1,"minecraft:pig":1,"minecraft:squid":4,"minecraft:zombie":6,"minecraft:cow":1},"minecraft:broken":{"minecraft:iron_shovel":1,"minecraft:golden_boots":1,"minecraft:iron_axe":1,"minecraft:stone_axe":1},"minecraft:mined":{"minecraft:deepslate_diamond_ore":19,"minecraft:sculk_vein":6,"travelersbackpack:pumpkin":7,"minecraft:dark_oak_log":5,"travelersbackpack:snow":1,"minecraft:sea_lantern":1,"minecraft:brewing_stand":1,"minecraft:cave_vines_plant":2,"minecraft:acacia_log":10,"minecraft:grass_block":339,"minecraft:jungle_log":981,"minecraft:crimson_roots":13,"minecraft:weeping_vines":1,"minecraft:bubble_coral_fan":1,"minecraft:soul_soil":10,"minecraft:red_mushroom":10,"minecraft:moss_block":27,"minecraft:crimson_fungus":7,"minecraft:horn_coral_wall_fan":2,"minecraft:crimson_stem":2,"minecraft:tall_seagrass":5,"minecraft:horn_coral":1,"minecraft:spore_blossom":5,"minecraft:glowstone":6,"minecraft:sculk_catalyst":1,"minecraft:furnace":1,"minecraft:jungle_sapling":1,"naturalist:teddy_bear":4,"minecraft:iron_ore":1,"minecraft:fire":13,"minecraft:cobbled_deepslate":9,"minecraft:snow":21,"minecraft:andesite":2,"minecraft:moss_carpet":3,"minecraft:cave_vines":1,"minecraft:deepslate_iron_ore":2,"minecraft:vine":22,"minecraft:brain_coral_wall_fan":1,"minecraft:packed_ice":8,"minecraft:bamboo_sapling":1,"minecraft:bamboo":97,"minecraft:azalea":3,"minecraft:stone":31,"minecraft:bone_block":68,"minecraft:brain_coral":2,"minecraft:brown_mushroom":3,"minecraft:cut_sandstone":4,"minecraft:flowering_azalea":7,"minecraft:glass_pane":1,"minecraft:soul_sand":18,"minecraft:kelp_plant":1,"minecraft:soul_fire":10,"minecraft:snow_block":117,"minecraft:smoker":2,"minecraft:powder_snow":5,"minecraft:clay":43,"minecraft:melon":17,"minecraft:chest":8,"minecraft:nether_quartz_ore":3,"minecraft:brain_coral_fan":1,"minecraft:tall_grass":22,"minecraft:cobblestone":6,"minecraft:deepslate_gold_ore":4,"minecraft:wall_torch":2,"minecraft:sculk":3,"minecraft:big_dripleaf":6,"minecraft:seagrass":1,"minecraft:light_blue_terracotta":1,"minecraft:fire_coral_fan":1,"minecraft:red_terracotta":28,"minecraft:dark_oak_door":2,"minecraft:sea_pickle":5,"minecraft:wheat":27,"minecraft:warped_fungus":1,"minecraft:yellow_bed":1,"minecraft:grass":140,"minecraft:coal_ore":19,"minecraft:oak_log":45,"minecraft:bubble_coral_wall_fan":1,"minecraft:gravel":13,"minecraft:dirt":58,"minecraft:red_mushroom_block":1,"minecraft:netherrack":39,"minecraft:oak_leaves":13,"minecraft:deepslate":75,"minecraft:fern":33},"minecraft:used":{"minecraft:netherite_sword":1,"minecraft:iron_shovel":1,"minecraft:redstone":2,"minecraft:oak_sign":2,"minecraft:chest":10,"minecraft:iron_sword":13,"minecraft:cooked_chicken":6,"minecraft:netherrack":302,"minecraft:torch":12,"minecraft:dirt":473,"minecraft:brewing_stand":1,"minecraft:white_carpet":1,"minecraft:snowball":1,"minecraft:jungle_sapling":1,"minecraft:packed_ice":640,"minecraft:iron_axe":14,"minecraft:jungle_log":2,"travelersbackpack:snow":3,"minecraft:bamboo":7,"minecraft:beef":6,"minecraft:dark_oak_boat":3,"minecraft:furnace":4,"naturalist:teddy_bear":5,"minecraft:cooked_beef":7,"minecraft:cobbled_deepslate":150,"minecraft:golden_boots":1,"minecraft:wheat_seeds":80,"minecraft:leather_leggings":1,"minecraft:snow_block":4,"minecraft:diamond_axe":73,"minecraft:leather_boots":1,"minecraft:sand":1,"minecraft:crafting_table":1,"minecraft:dark_oak_door":4,"minecraft:smoker":4,"minecraft:redstone_torch":1,"minecraft:diamond_pickaxe":368,"minecraft:diamond_shovel":607,"minecraft:bread":7,"minecraft:string":1,"minecraft:spore_blossom":6,"minecraft:red_terracotta":2,"travelersbackpack:pumpkin":20,"minecraft:gravel":3,"minecraft:golden_helmet":1,"minecraft:stone_axe":6,"minecraft:diamond_sword":54,"minecraft:cobblestone":5,"minecraft:porkchop":3,"minecraft:white_banner":1,"minecraft:cooked_porkchop":16,"minecraft:yellow_bed":1,"minecraft:oak_boat":14,"minecraft:dandelion":7},"minecraft:crafted":{"minecraft:oak_planks":152,"minecraft:leather_boots":1,"minecraft:cooked_chicken":7,"minecraft:furnace":5,"minecraft:cooked_mutton":10,"minecraft:iron_axe":1,"minecraft:chest":16,"minecraft:dark_oak_planks":16,"minecraft:smoker":2,"minecraft:cooked_beef":30,"minecraft:cooked_porkchop":1,"minecraft:diamond_axe":1,"minecraft:crafting_table":1,"minecraft:air":0,"minecraft:bread":15,"minecraft:oak_boat":9,"minecraft:snow_block":160},"minecraft:dropped":{"minecraft:bread":9,"minecraft:wheat_seeds":9,"minecraft:cobblestone":1,"minecraft:amethyst_block":1,"minecraft:stick":3,"minecraft:dirt":2,"minecraft:fire_charge":1,"minecraft:gold_nugget":22,"minecraft:string":1,"minecraft:gold_ingot":6,"minecraft:gravel":13,"minecraft:cooked_chicken":1,"minecraft:netherite_sword":1,"minecraft:diamond_shovel":1,"minecraft:azure_bluet":2,"minecraft:diamond_pickaxe":1,"minecraft:bamboo":7,"minecraft:bow":2},"minecraft:custom":{"minecraft:mob_kills":19,"minecraft:animals_bred":5,"minecraft:interact_with_crafting_table":34,"minecraft:open_barrel":15,"minecraft:leave_game":12,"minecraft:time_since_death":11891,"minecraft:climb_one_cm":14248,"minecraft:sprint_one_cm":281027,"minecraft:walk_one_cm":1174497,"minecraft:drop":60,"minecraft:talked_to_villager":2,"minecraft:play_time":399814,"minecraft:sneak_time":13105,"minecraft:deaths":20,"minecraft:walk_under_water_one_cm":56718,"minecraft:boat_one_cm":1184653,"minecraft:jump":6406,"minecraft:walk_on_water_one_cm":31177,"minecraft:total_world_time":399814,"minecraft:interact_with_furnace":5,"minecraft:sleep_in_bed":11,"minecraft:time_since_rest":11349,"minecraft:damage_taken":8640,"minecraft:damage_dealt":3190,"minecraft:swim_one_cm":77358,"minecraft:fly_one_cm":463068,"minecraft:open_chest":276,"minecraft:crouch_one_cm":33674,"minecraft:fall_one_cm":60423,"minecraft:interact_with_smoker":16,"minecraft:horse_one_cm":70658},"minecraft:killed_by":{"minecraft:player":3,"minecraft:creeper":3,"minecraft:piglin":1,"minecraft:skeleton":7,"minecraft:zombie":3,"naturalist:bear":1},"minecraft:picked_up":{"minecraft:birch_door":2,"minecraft:wheat":27,"minecraft:azure_bluet":2,"minecraft:chicken":7,"minecraft:clay_ball":140,"minecraft:suspicious_stew":1,"minecraft:leather_leggings":2,"minecraft:lead":5,"minecraft:brown_mushroom":3,"minecraft:packed_ice":640,"minecraft:diamond_sword":1,"minecraft:oak_stairs":2,"minecraft:nether_brick":4,"minecraft:brewing_stand":2,"minecraft:amethyst_block":44,"minecraft:oak_trapdoor":3,"minecraft:string":26,"minecraft:moss_carpet":3,"minecraft:soul_soil":18,"minecraft:raw_copper":27,"minecraft:oak_sign":2,"minecraft:sea_pickle":32,"farmersdelight:honey_glazed_ham":6,"minecraft:gold_nugget":73,"minecraft:cobbled_deepslate":262,"minecraft:beef":3,"minecraft:oak_boat":8,"minecraft:rose_bush":37,"minecraft:redstone_torch":1,"minecraft:jungle_sapling":87,"minecraft:calcite":5,"minecraft:azalea":4,"minecraft:poppy":5,"minecraft:melon_slice":215,"minecraft:sugar_cane":14,"minecraft:chest":8,"minecraft:furnace":1,"minecraft:egg":1,"minecraft:dark_oak_door":5,"minecraft:golden_helmet":1,"minecraft:dark_oak_sapling":8,"minecraft:stick":128,"minecraft:raw_iron":22,"minecraft:sandstone":53,"minecraft:stone":7,"minecraft:big_dripleaf":14,"minecraft:oak_fence":2,"minecraft:torch":13,"minecraft:fire_charge":2,"minecraft:snow_block":37,"minecraft:porkchop":1,"minecraft:diorite":2,"minecraft:vine":64,"minecraft:carrot":12,"minecraft:redstone":42,"minecraft:prismarine_crystals":3,"minecraft:dark_oak_planks":1,"travelersbackpack:snow":2,"minecraft:quartz_block":1,"minecraft:arrow":18,"minecraft:weeping_vines":1,"minecraft:rotten_flesh":49,"minecraft:peony":48,"minecraft:shears":1,"minecraft:hay_block":33,"minecraft:glowstone":2,"minecraft:gold_ingot":9,"minecraft:bone_block":66,"minecraft:glow_berries":9,"minecraft:obsidian":3,"minecraft:mutton":10,"minecraft:cod":5,"minecraft:snowball":481,"minecraft:white_wool":16,"minecraft:cobblestone":158,"minecraft:oxeye_daisy":10,"minecraft:feather":3,"minecraft:lilac":14,"minecraft:jungle_log":1084,"naturalist:teddy_bear":3,"minecraft:golden_carrot":7,"minecraft:glow_ink_sac":1,"minecraft:crimson_stem":1,"minecraft:water_bucket":2,"minecraft:andesite":21,"minecraft:leather":23,"minecraft:brown_wool":13,"minecraft:cut_sandstone":3,"minecraft:dark_oak_boat":3,"minecraft:smoker":2,"minecraft:red_mushroom":10,"minecraft:potato":7,"minecraft:filled_map":1,"minecraft:flint":4,"minecraft:crimson_fungus":4,"minecraft:tuff":89,"minecraft:oak_log":45,"minecraft:golden_boots":1,"minecraft:yellow_bed":1,"minecraft:cobblestone_stairs":1,"minecraft:gunpowder":7,"minecraft:lapis_lazuli":11,"minecraft:dirt":524,"minecraft:paper":24,"minecraft:white_banner":1,"minecraft:leather_boots":1,"minecraft:coast_armor_trim_smithing_template":4,"minecraft:glass":2,"minecraft:bone":30,"minecraft:apple":4,"minecraft:kelp":72,"minecraft:bow":1,"minecraft:wheat_seeds":176,"minecraft:raw_gold":4,"minecraft:bell":1,"minecraft:spore_blossom":6,"minecraft:iron_ingot":2,"minecraft:glowstone_dust":11,"minecraft:bamboo":153,"minecraft:moss_block":24,"minecraft:flowering_azalea":7,"minecraft:oak_planks":10,"minecraft:acacia_sapling":4,"minecraft:soul_sand":39,"minecraft:oak_slab":28,"minecraft:warped_fungus":1,"minecraft:cooked_porkchop":4,"minecraft:pumpkin":7,"minecraft:quartz":34,"minecraft:dandelion":7,"minecraft:spyglass":1,"minecraft:gravel":49,"minecraft:sand":65,"minecraft:ink_sac":31,"naturalist:bear_fur":1,"minecraft:grass_block":1,"minecraft:lily_of_the_valley":29,"minecraft:crying_obsidian":5,"minecraft:dark_oak_log":79,"minecraft:red_terracotta":26,"minecraft:spider_eye":10,"minecraft:music_disc_mall":1,"minecraft:diamond_shovel":1,"minecraft:light_blue_terracotta":1,"minecraft:diamond":23,"minecraft:granite":17,"travelersbackpack:pumpkin":7,"minecraft:grass":2,"minecraft:bone_meal":3,"minecraft:emerald":6,"minecraft:bread":1,"minecraft:oak_sapling":28,"minecraft:netherrack":502,"minecraft:black_wool":2,"minecraft:coal":37,"minecraft:diamond_pickaxe":2,"minecraft:crimson_roots":12,"minecraft:sunflower":1,"minecraft:ender_pearl":1}},"DataVersion":3465}