{"stats":{"minecraft:killed":{"minecraft:spider":1,"minecraft:squid":4,"minecraft:cow":1},"minecraft:mined":{"minecraft:seagrass":1,"minecraft:horn_coral":1,"minecraft:fire_coral_fan":1,"minecraft:tall_seagrass":5,"minecraft:glass_pane":1,"naturalist:teddy_bear":1,"minecraft:sea_pickle":5,"minecraft:kelp_plant":1,"travelersbackpack:pumpkin":1,"minecraft:grass_block":2,"minecraft:dirt":3,"minecraft:grass":2,"minecraft:bubble_coral_wall_fan":1,"minecraft:brain_coral_wall_fan":1,"minecraft:bubble_coral_fan":1,"minecraft:brain_coral_fan":1,"minecraft:tall_grass":3,"minecraft:horn_coral_wall_fan":2,"minecraft:brain_coral":2},"minecraft:used":{"minecraft:redstone_torch":1,"minecraft:netherite_sword":1,"minecraft:jungle_log":1,"minecraft:iron_sword":8,"minecraft:bamboo":1,"travelersbackpack:pumpkin":2,"travelersbackpack:snow":1,"minecraft:dirt":31,"minecraft:torch":8,"minecraft:diamond_sword":18,"minecraft:white_carpet":1,"minecraft:porkchop":3,"minecraft:dark_oak_door":2},"minecraft:dropped":{"minecraft:netherite_sword":1,"minecraft:bow":2},"minecraft:custom":{"minecraft:time_since_rest":3666,"minecraft:sprint_one_cm":40347,"minecraft:damage_taken":2476,"minecraft:walk_one_cm":92291,"minecraft:mob_kills":6,"minecraft:drop":3,"minecraft:animals_bred":2,"minecraft:damage_dealt":855,"minecraft:swim_one_cm":51654,"minecraft:interact_with_crafting_table":1,"minecraft:fly_one_cm":76132,"minecraft:open_chest":12,"minecraft:crouch_one_cm":3197,"minecraft:play_time":43644,"minecraft:deaths":7,"minecraft:sneak_time":1203,"minecraft:walk_under_water_one_cm":41486,"minecraft:boat_one_cm":534014,"minecraft:jump":481,"minecraft:walk_on_water_one_cm":12033,"minecraft:time_since_death":3640,"minecraft:sleep_in_bed":2,"minecraft:climb_one_cm":5963,"minecraft:total_world_time":43644,"minecraft:fall_one_cm":8413},"minecraft:killed_by":{"minecraft:player":3,"minecraft:skeleton":1,"minecraft:creeper":2},"minecraft:picked_up":{"minecraft:dark_oak_door":2,"minecraft:jungle_log":1,"minecraft:torch":4,"minecraft:lead":2,"minecraft:ink_sac":8,"minecraft:gunpowder":1,"minecraft:red_terracotta":1,"minecraft:dirt":28,"minecraft:spider_eye":1,"minecraft:string":2,"minecraft:bone":4,"travelersbackpack:snow":1,"minecraft:rotten_flesh":4,"minecraft:arrow":4,"minecraft:sea_pickle":16,"minecraft:kelp":3,"minecraft:wheat_seeds":2,"minecraft:bow":1,"farmersdelight:honey_glazed_ham":4,"minecraft:shears":1,"travelersbackpack:pumpkin":1,"minecraft:beef":3,"minecraft:oak_sapling":1,"minecraft:bamboo":13}},"DataVersion":3465}