{"stats":{"minecraft:killed":{"minecraft:spider":3,"minecraft:squid":4,"minecraft:zombie":2,"minecraft:cow":1},"minecraft:broken":{"minecraft:iron_shovel":1,"minecraft:stone_axe":1},"minecraft:mined":{"minecraft:deepslate_diamond_ore":19,"minecraft:sculk_vein":6,"travelersbackpack:pumpkin":4,"minecraft:dark_oak_log":5,"minecraft:brewing_stand":1,"minecraft:cave_vines_plant":2,"minecraft:grass_block":8,"minecraft:weeping_vines":1,"minecraft:crimson_roots":13,"minecraft:jungle_log":242,"minecraft:bubble_coral_fan":1,"minecraft:soul_soil":9,"minecraft:crimson_fungus":7,"minecraft:moss_block":27,"minecraft:horn_coral_wall_fan":2,"minecraft:crimson_stem":2,"minecraft:horn_coral":1,"minecraft:spore_blossom":5,"minecraft:tall_seagrass":5,"minecraft:glowstone":6,"minecraft:sculk_catalyst":1,"naturalist:teddy_bear":4,"minecraft:iron_ore":1,"minecraft:fire":3,"minecraft:cobbled_deepslate":9,"minecraft:snow":21,"minecraft:andesite":2,"minecraft:moss_carpet":3,"minecraft:cave_vines":1,"minecraft:vine":6,"minecraft:deepslate_iron_ore":2,"minecraft:brain_coral_wall_fan":1,"minecraft:packed_ice":8,"minecraft:bamboo":23,"minecraft:azalea":3,"minecraft:stone":30,"minecraft:bone_block":17,"minecraft:brain_coral":2,"minecraft:brown_mushroom":3,"minecraft:flowering_azalea":7,"minecraft:glass_pane":1,"minecraft:soul_sand":18,"minecraft:kelp_plant":1,"minecraft:snow_block":117,"minecraft:smoker":2,"minecraft:powder_snow":5,"minecraft:clay":43,"minecraft:chest":4,"minecraft:brain_coral_fan":1,"minecraft:nether_quartz_ore":3,"minecraft:tall_grass":4,"minecraft:deepslate_gold_ore":4,"minecraft:sculk":3,"minecraft:wall_torch":1,"minecraft:big_dripleaf":6,"minecraft:seagrass":1,"minecraft:fire_coral_fan":1,"minecraft:red_terracotta":28,"minecraft:dark_oak_door":2,"minecraft:sea_pickle":5,"minecraft:warped_fungus":1,"minecraft:grass":12,"minecraft:oak_log":7,"minecraft:coal_ore":19,"minecraft:bubble_coral_wall_fan":1,"minecraft:gravel":13,"minecraft:dirt":16,"minecraft:red_mushroom_block":1,"minecraft:netherrack":6,"minecraft:oak_leaves":2,"minecraft:deepslate":75},"minecraft:used":{"minecraft:netherite_sword":1,"minecraft:iron_shovel":1,"minecraft:redstone":2,"minecraft:oak_sign":1,"minecraft:chest":7,"minecraft:iron_sword":13,"minecraft:netherrack":19,"minecraft:torch":11,"minecraft:brewing_stand":1,"minecraft:dirt":39,"minecraft:white_carpet":1,"minecraft:packed_ice":640,"minecraft:iron_axe":11,"minecraft:jungle_log":2,"travelersbackpack:snow":1,"minecraft:bamboo":7,"minecraft:beef":6,"minecraft:dark_oak_boat":1,"naturalist:teddy_bear":5,"minecraft:cooked_beef":1,"minecraft:cobbled_deepslate":150,"minecraft:golden_boots":1,"minecraft:leather_leggings":1,"minecraft:snow_block":4,"minecraft:leather_boots":1,"minecraft:crafting_table":1,"minecraft:smoker":4,"minecraft:dark_oak_door":4,"minecraft:redstone_torch":1,"minecraft:diamond_pickaxe":262,"minecraft:diamond_shovel":229,"minecraft:spore_blossom":6,"minecraft:red_terracotta":2,"travelersbackpack:pumpkin":14,"minecraft:gravel":3,"minecraft:stone_axe":6,"minecraft:diamond_sword":34,"minecraft:cooked_porkchop":10,"minecraft:porkchop":3},"minecraft:crafted":{"minecraft:furnace":5,"minecraft:cooked_mutton":10,"minecraft:iron_axe":1,"minecraft:chest":2,"minecraft:dark_oak_planks":16,"minecraft:smoker":2,"minecraft:cooked_beef":27,"minecraft:crafting_table":1,"minecraft:air":0,"minecraft:snow_block":109},"minecraft:dropped":{"minecraft:wheat_seeds":9,"minecraft:stick":3,"minecraft:dirt":2,"minecraft:gravel":13,"minecraft:netherite_sword":1,"minecraft:diamond_shovel":1,"minecraft:diamond_pickaxe":1,"minecraft:bamboo":1,"minecraft:bow":2},"minecraft:custom":{"minecraft:mob_kills":10,"minecraft:animals_bred":5,"minecraft:interact_with_crafting_table":10,"minecraft:leave_game":2,"minecraft:time_since_death":23575,"minecraft:climb_one_cm":12855,"minecraft:sprint_one_cm":143181,"minecraft:walk_one_cm":621756,"minecraft:drop":11,"minecraft:talked_to_villager":2,"minecraft:play_time":210334,"minecraft:deaths":14,"minecraft:sneak_time":10338,"minecraft:walk_under_water_one_cm":49751,"minecraft:boat_one_cm":534014,"minecraft:jump":1869,"minecraft:walk_on_water_one_cm":27497,"minecraft:total_world_time":210334,"minecraft:sleep_in_bed":6,"minecraft:time_since_rest":23608,"minecraft:damage_taken":5543,"minecraft:damage_dealt":1939,"minecraft:fly_one_cm":173942,"minecraft:swim_one_cm":68761,"minecraft:open_chest":141,"minecraft:crouch_one_cm":29148,"minecraft:interact_with_smoker":9,"minecraft:fall_one_cm":37397},"minecraft:killed_by":{"minecraft:player":3,"minecraft:creeper":3,"minecraft:skeleton":3,"minecraft:zombie":3},"minecraft:picked_up":{"minecraft:chicken":7,"minecraft:clay_ball":132,"minecraft:suspicious_stew":1,"minecraft:brown_mushroom":3,"minecraft:leather_leggings":2,"minecraft:packed_ice":640,"minecraft:lead":5,"minecraft:diamond_sword":1,"minecraft:brewing_stand":2,"minecraft:string":21,"minecraft:oak_trapdoor":1,"minecraft:moss_carpet":3,"minecraft:soul_soil":9,"minecraft:sea_pickle":32,"farmersdelight:honey_glazed_ham":6,"minecraft:gold_nugget":58,"minecraft:cobbled_deepslate":262,"minecraft:beef":3,"minecraft:redstone_torch":1,"minecraft:rose_bush":37,"minecraft:azalea":4,"minecraft:jungle_sapling":25,"minecraft:melon_slice":128,"minecraft:sugar_cane":2,"minecraft:chest":4,"minecraft:egg":1,"minecraft:dark_oak_door":5,"minecraft:golden_helmet":1,"minecraft:dark_oak_sapling":8,"minecraft:stick":39,"minecraft:raw_iron":22,"minecraft:sandstone":53,"minecraft:stone":7,"minecraft:big_dripleaf":14,"minecraft:oak_fence":2,"minecraft:torch":8,"minecraft:porkchop":1,"minecraft:snow_block":37,"minecraft:carrot":12,"minecraft:vine":64,"minecraft:redstone":4,"minecraft:dark_oak_planks":1,"travelersbackpack:snow":1,"minecraft:weeping_vines":1,"minecraft:arrow":8,"minecraft:rotten_flesh":40,"minecraft:peony":48,"minecraft:shears":1,"minecraft:hay_block":33,"minecraft:glowstone":2,"minecraft:gold_ingot":2,"minecraft:glow_berries":9,"minecraft:mutton":10,"minecraft:bone_block":17,"minecraft:cod":5,"minecraft:snowball":481,"minecraft:white_wool":16,"minecraft:cobblestone":151,"minecraft:oxeye_daisy":1,"minecraft:crimson_stem":1,"minecraft:feather":1,"minecraft:lilac":14,"minecraft:andesite":2,"minecraft:water_bucket":1,"minecraft:golden_carrot":7,"minecraft:glow_ink_sac":1,"naturalist:teddy_bear":3,"minecraft:jungle_log":345,"minecraft:leather":23,"minecraft:dark_oak_boat":1,"minecraft:smoker":2,"minecraft:potato":7,"minecraft:filled_map":1,"minecraft:flint":4,"minecraft:crimson_fungus":4,"minecraft:tuff":20,"minecraft:oak_log":7,"minecraft:golden_boots":1,"minecraft:gunpowder":6,"minecraft:dirt":105,"minecraft:paper":24,"minecraft:leather_boots":1,"minecraft:coast_armor_trim_smithing_template":4,"minecraft:glass":2,"minecraft:bone":20,"minecraft:apple":2,"minecraft:kelp":72,"minecraft:bow":1,"minecraft:wheat_seeds":75,"minecraft:raw_gold":4,"minecraft:bell":1,"minecraft:spore_blossom":6,"minecraft:iron_ingot":2,"minecraft:soul_sand":39,"minecraft:glowstone_dust":11,"minecraft:oak_planks":8,"minecraft:bamboo":74,"minecraft:moss_block":24,"minecraft:flowering_azalea":7,"minecraft:acacia_sapling":4,"minecraft:warped_fungus":1,"minecraft:pumpkin":7,"minecraft:quartz":7,"minecraft:spyglass":1,"minecraft:gravel":29,"minecraft:sand":64,"minecraft:ink_sac":31,"minecraft:grass_block":1,"minecraft:lily_of_the_valley":29,"minecraft:dark_oak_log":79,"minecraft:red_terracotta":26,"minecraft:spider_eye":10,"minecraft:diamond_shovel":1,"minecraft:music_disc_mall":1,"minecraft:diamond":23,"travelersbackpack:pumpkin":4,"minecraft:grass":2,"minecraft:emerald":6,"minecraft:oak_sapling":12,"minecraft:netherrack":397,"minecraft:coal":37,"minecraft:crimson_roots":12,"minecraft:diamond_pickaxe":2,"minecraft:ender_pearl":1}},"DataVersion":3465}