{"stats":{"minecraft:killed":{"minecraft:spider":1,"minecraft:squid":4,"minecraft:zombie":1,"minecraft:cow":1},"minecraft:broken":{"minecraft:iron_shovel":1},"minecraft:mined":{"minecraft:deepslate_diamond_ore":19,"minecraft:sculk_vein":6,"travelersbackpack:pumpkin":2,"minecraft:dark_oak_log":5,"minecraft:grass_block":6,"minecraft:bubble_coral_fan":1,"minecraft:horn_coral_wall_fan":2,"minecraft:horn_coral":1,"minecraft:spore_blossom":1,"minecraft:tall_seagrass":5,"minecraft:sculk_catalyst":1,"naturalist:teddy_bear":4,"minecraft:cobbled_deepslate":9,"minecraft:vine":3,"minecraft:deepslate_iron_ore":2,"minecraft:brain_coral_wall_fan":1,"minecraft:bamboo":23,"minecraft:brain_coral":2,"minecraft:glass_pane":1,"minecraft:kelp_plant":1,"minecraft:smoker":2,"minecraft:chest":4,"minecraft:brain_coral_fan":1,"minecraft:tall_grass":3,"minecraft:deepslate_gold_ore":4,"minecraft:sculk":3,"minecraft:seagrass":1,"minecraft:fire_coral_fan":1,"minecraft:red_terracotta":28,"minecraft:dark_oak_door":2,"minecraft:sea_pickle":5,"minecraft:grass":2,"minecraft:bubble_coral_wall_fan":1,"minecraft:gravel":13,"minecraft:dirt":11,"minecraft:deepslate":75},"minecraft:used":{"minecraft:netherite_sword":1,"minecraft:iron_shovel":1,"minecraft:redstone":2,"minecraft:oak_sign":1,"minecraft:chest":7,"minecraft:iron_sword":12,"minecraft:torch":9,"minecraft:dirt":39,"minecraft:white_carpet":1,"minecraft:jungle_log":1,"travelersbackpack:snow":1,"minecraft:bamboo":7,"minecraft:beef":6,"naturalist:teddy_bear":3,"minecraft:cobbled_deepslate":150,"minecraft:crafting_table":1,"minecraft:smoker":4,"minecraft:dark_oak_door":4,"minecraft:redstone_torch":1,"minecraft:diamond_pickaxe":159,"minecraft:spore_blossom":2,"minecraft:red_terracotta":2,"travelersbackpack:pumpkin":12,"minecraft:gravel":3,"minecraft:stone_axe":4,"minecraft:diamond_sword":18,"minecraft:porkchop":3},"minecraft:crafted":{"minecraft:furnace":5,"minecraft:chest":2,"minecraft:dark_oak_planks":16,"minecraft:smoker":2,"minecraft:crafting_table":1},"minecraft:dropped":{"minecraft:wheat_seeds":9,"minecraft:stick":3,"minecraft:gravel":13,"minecraft:netherite_sword":1,"minecraft:bamboo":1,"minecraft:bow":2},"minecraft:custom":{"minecraft:mob_kills":7,"minecraft:animals_bred":5,"minecraft:interact_with_crafting_table":9,"minecraft:leave_game":2,"minecraft:time_since_death":7431,"minecraft:climb_one_cm":7636,"minecraft:sprint_one_cm":51342,"minecraft:walk_one_cm":299243,"minecraft:drop":7,"minecraft:talked_to_villager":1,"minecraft:play_time":144334,"minecraft:deaths":12,"minecraft:sneak_time":9115,"minecraft:walk_under_water_one_cm":42369,"minecraft:boat_one_cm":534014,"minecraft:jump":881,"minecraft:walk_on_water_one_cm":15829,"minecraft:total_world_time":144334,"minecraft:sleep_in_bed":5,"minecraft:time_since_rest":7460,"minecraft:damage_taken":3946,"minecraft:damage_dealt":1031,"minecraft:fly_one_cm":89429,"minecraft:swim_one_cm":51654,"minecraft:open_chest":96,"minecraft:crouch_one_cm":25582,"minecraft:interact_with_smoker":3,"minecraft:fall_one_cm":17775},"minecraft:killed_by":{"minecraft:player":3,"minecraft:creeper":2,"minecraft:skeleton":3,"minecraft:zombie":2},"minecraft:picked_up":{"minecraft:chicken":7,"minecraft:suspicious_stew":1,"minecraft:leather_leggings":2,"minecraft:lead":5,"minecraft:brewing_stand":1,"minecraft:string":20,"minecraft:oak_trapdoor":1,"minecraft:sea_pickle":32,"farmersdelight:honey_glazed_ham":6,"minecraft:cobbled_deepslate":262,"minecraft:beef":3,"minecraft:redstone_torch":1,"minecraft:rose_bush":37,"minecraft:jungle_sapling":7,"minecraft:melon_slice":128,"minecraft:sugar_cane":2,"minecraft:chest":4,"minecraft:egg":1,"minecraft:dark_oak_door":5,"minecraft:dark_oak_sapling":8,"minecraft:stick":20,"minecraft:raw_iron":15,"minecraft:sandstone":53,"minecraft:oak_fence":2,"minecraft:torch":6,"minecraft:porkchop":1,"minecraft:snow_block":37,"minecraft:carrot":12,"minecraft:vine":64,"minecraft:redstone":4,"minecraft:dark_oak_planks":1,"travelersbackpack:snow":1,"minecraft:arrow":8,"minecraft:rotten_flesh":36,"minecraft:peony":48,"minecraft:shears":1,"minecraft:hay_block":33,"minecraft:gold_ingot":2,"minecraft:mutton":10,"minecraft:cod":5,"minecraft:snowball":10,"minecraft:white_wool":16,"minecraft:cobblestone":124,"minecraft:oxeye_daisy":1,"minecraft:feather":1,"minecraft:lilac":14,"minecraft:golden_carrot":7,"minecraft:glow_ink_sac":1,"naturalist:teddy_bear":3,"minecraft:jungle_log":104,"minecraft:leather":23,"minecraft:smoker":2,"minecraft:potato":7,"minecraft:filled_map":1,"minecraft:flint":4,"minecraft:tuff":20,"minecraft:gunpowder":6,"minecraft:dirt":99,"minecraft:paper":24,"minecraft:leather_boots":1,"minecraft:coast_armor_trim_smithing_template":4,"minecraft:glass":2,"minecraft:bone":20,"minecraft:apple":1,"minecraft:kelp":72,"minecraft:bow":1,"minecraft:wheat_seeds":74,"minecraft:raw_gold":4,"minecraft:bell":1,"minecraft:spore_blossom":2,"minecraft:iron_ingot":2,"minecraft:bamboo":73,"minecraft:acacia_sapling":4,"minecraft:pumpkin":7,"minecraft:spyglass":1,"minecraft:gravel":29,"minecraft:sand":64,"minecraft:ink_sac":31,"minecraft:grass_block":1,"minecraft:lily_of_the_valley":29,"minecraft:dark_oak_log":79,"minecraft:red_terracotta":26,"minecraft:spider_eye":9,"minecraft:music_disc_mall":1,"minecraft:diamond":23,"travelersbackpack:pumpkin":2,"minecraft:grass":2,"minecraft:emerald":6,"minecraft:oak_sapling":2,"minecraft:diamond_pickaxe":1,"minecraft:ender_pearl":1}},"DataVersion":3465}