{"stats":{"minecraft:custom":{"minecraft:interact_with_smithing_table":3,"minecraft:interact_with_anvil":7,"minecraft:mob_kills":137,"minecraft:animals_bred":8,"minecraft:interact_with_crafting_table":90,"minecraft:open_barrel":84,"minecraft:bell_ring":23,"minecraft:leave_game":6,"minecraft:time_since_death":98416,"minecraft:sprint_one_cm":1057842,"minecraft:walk_one_cm":1297194,"minecraft:damage_blocked_by_shield":2745,"minecraft:drop":427,"minecraft:talked_to_villager":22,"minecraft:play_time":538184,"minecraft:sneak_time":22994,"minecraft:deaths":16,"minecraft:walk_under_water_one_cm":164668,"minecraft:boat_one_cm":410769,"minecraft:jump":9975,"minecraft:interact_with_blast_furnace":9,"minecraft:walk_on_water_one_cm":132500,"minecraft:total_world_time":538184,"minecraft:interact_with_furnace":93,"minecraft:interact_with_loom":4,"minecraft:interact_with_stonecutter":4,"minecraft:interact_with_grindstone":2,"minecraft:sleep_in_bed":19,"minecraft:time_since_rest":8779,"minecraft:damage_taken":10422,"minecraft:damage_dealt":21506,"minecraft:player_kills":6,"minecraft:swim_one_cm":463950,"minecraft:fly_one_cm":2363696,"minecraft:open_chest":212,"minecraft:crouch_one_cm":75582,"minecraft:interact_with_smoker":13,"minecraft:fall_one_cm":208212},"minecraft:dropped":{"minecraft:water_bucket":4,"minecraft:bread":64,"minecraft:brown_mushroom":2,"minecraft:wheat_seeds":5,"minecraft:cooked_beef":23,"minecraft:baked_potato":65,"minecraft:diamond":10,"travelersbackpack:squid":2,"minecraft:cooked_porkchop":7,"minecraft:diamond_leggings":1,"minecraft:iron_helmet":1,"minecraft:feather":1,"minecraft:cobblestone":80,"minecraft:lead":2,"minecraft:leather":8,"minecraft:copper_ingot":1,"minecraft:grass_block":1,"minecraft:stick":1,"minecraft:oxeye_daisy":4,"minecraft:dirt":21,"minecraft:golden_carrot":10,"minecraft:torch":1,"minecraft:cornflower":1,"minecraft:cooked_salmon":9,"minecraft:diamond_helmet":1,"minecraft:fire_charge":1,"minecraft:gold_nugget":8,"minecraft:sunflower":6,"minecraft:bone_block":1,"minecraft:sand":202,"minecraft:string":8,"minecraft:spruce_sapling":1,"minecraft:dandelion":15,"minecraft:gold_ingot":34,"minecraft:cobbled_deepslate":166,"minecraft:raw_copper":9,"minecraft:rotten_flesh":19,"minecraft:azure_bluet":3,"minecraft:white_bed":1,"minecraft:carrot":1,"minecraft:diamond_sword":7,"minecraft:poppy":4,"minecraft:shield":1,"minecraft:diamond_chestplate":1,"minecraft:peony":1,"minecraft:diamond_pickaxe":3,"minecraft:oak_boat":1,"minecraft:wooden_shovel":1,"minecraft:spider_eye":2,"minecraft:diamond_boots":1,"minecraft:arrow":22,"minecraft:glass":1,"minecraft:red_tulip":1},"minecraft:used":{"minecraft:oak_fence":24,"minecraft:iron_shovel":588,"minecraft:oak_sign":7,"minecraft:chest":6,"minecraft:shield":22,"minecraft:white_terracotta":78,"minecraft:wooden_shovel":116,"minecraft:rotten_flesh":8,"minecraft:netherrack":61,"minecraft:iron_chestplate":2,"minecraft:torch":34,"minecraft:dirt":197,"minecraft:white_carpet":18,"minecraft:carrot":13,"minecraft:golden_shovel":36,"minecraft:spruce_fence":9,"minecraft:birch_door":4,"minecraft:glass":271,"travelersbackpack:squid":4,"minecraft:iron_helmet":3,"minecraft:iron_boots":1,"minecraft:golden_carrot":14,"minecraft:beef":7,"minecraft:soul_soil":3,"minecraft:oak_sapling":1,"minecraft:furnace":2,"minecraft:egg":8,"minecraft:cooked_beef":18,"minecraft:cobbled_deepslate":705,"minecraft:iron_leggings":1,"minecraft:wheat_seeds":36,"minecraft:water_bucket":38,"minecraft:diorite":1,"minecraft:birch_planks":48,"minecraft:baked_potato":53,"minecraft:oak_planks":108,"minecraft:sandstone":8,"minecraft:white_wool":1,"minecraft:diamond_block":4,"minecraft:oak_slab":10,"minecraft:loom":2,"minecraft:crafting_table":3,"minecraft:white_bed":5,"minecraft:shears":6,"minecraft:wooden_hoe":10,"minecraft:diamond_pickaxe":1131,"minecraft:chicken":3,"minecraft:sunflower":2,"minecraft:bread":12,"minecraft:stone_axe":7,"minecraft:golden_helmet":1,"minecraft:diamond_sword":542,"minecraft:potion":1,"travelersbackpack:standard":5,"minecraft:cobblestone":453,"minecraft:porkchop":7,"minecraft:cooked_porkchop":5,"minecraft:andesite":5,"minecraft:bucket":38,"minecraft:birch_log":2,"minecraft:yellow_bed":2,"minecraft:oak_boat":11,"minecraft:coarse_dirt":8,"minecraft:dandelion":1},"minecraft:broken":{"minecraft:iron_shovel":2,"minecraft:wooden_shovel":1,"minecraft:golden_shovel":1},"minecraft:crafted":{"minecraft:golden_carrot":20,"minecraft:oak_planks":252,"minecraft:oak_sign":3,"minecraft:furnace":2,"minecraft:spruce_fence":9,"minecraft:white_carpet":17,"minecraft:diamond_block":4,"minecraft:glass":200,"minecraft:diamond_helmet":1,"minecraft:diamond_leggings":2,"minecraft:iron_boots":1,"minecraft:chest":2,"minecraft:diamond_boots":1,"minecraft:birch_door":6,"minecraft:oak_fence":20,"minecraft:golden_helmet":1,"minecraft:wheat":243,"minecraft:cooked_beef":37,"minecraft:oak_slab":6,"minecraft:wooden_shovel":2,"minecraft:diamond_sword":3,"minecraft:cooked_porkchop":18,"minecraft:crafting_table":1,"minecraft:spruce_planks":28,"minecraft:iron_helmet":1,"minecraft:baked_potato":93,"minecraft:cooked_salmon":9,"minecraft:golden_shovel":1,"minecraft:birch_planks":56,"minecraft:stone_axe":1,"minecraft:bread":89,"minecraft:air":0,"minecraft:oak_boat":3,"minecraft:iron_chestplate":1,"minecraft:wooden_hoe":1,"minecraft:diamond_pickaxe":3,"minecraft:gold_nugget":162,"minecraft:stick":60,"minecraft:iron_ingot":63,"minecraft:iron_leggings":2,"minecraft:iron_shovel":2,"minecraft:gold_ingot":44,"minecraft:white_bed":2,"minecraft:shears":1,"minecraft:diamond_chestplate":2},"minecraft:mined":{"minecraft:nether_gold_ore":23,"minecraft:tuff":43,"minecraft:white_bed":5,"minecraft:deepslate_diamond_ore":34,"minecraft:glow_lichen":1,"minecraft:granite":27,"minecraft:grass_block":467,"minecraft:soul_soil":9,"minecraft:oxeye_daisy":2,"minecraft:sandstone":8,"minecraft:tall_seagrass":1,"minecraft:carrots":23,"minecraft:iron_ore":9,"minecraft:fire":4,"minecraft:cobbled_deepslate":69,"minecraft:snow":9,"minecraft:andesite":18,"minecraft:azure_bluet":1,"minecraft:red_tulip":1,"minecraft:dirt_path":1,"minecraft:oak_sign":2,"minecraft:deepslate_iron_ore":13,"minecraft:stone":165,"minecraft:bone_block":1,"minecraft:white_wool":7,"minecraft:deepslate_redstone_ore":18,"minecraft:oak_slab":4,"minecraft:snow_block":50,"minecraft:dandelion":2,"minecraft:powder_snow":9,"minecraft:clay":1,"minecraft:oak_fence":8,"minecraft:cornflower":1,"minecraft:crafting_table":2,"minecraft:torch":6,"minecraft:poppy":1,"minecraft:nether_quartz_ore":16,"minecraft:copper_ore":7,"minecraft:tall_grass":39,"minecraft:glass":5,"minecraft:cobblestone":39,"minecraft:deepslate_gold_ore":20,"minecraft:oak_planks":6,"minecraft:diorite":5,"minecraft:wall_torch":23,"minecraft:white_terracotta":109,"minecraft:seagrass":2,"minecraft:birch_planks":4,"minecraft:coarse_dirt":9,"minecraft:birch_log":15,"minecraft:wheat":28,"minecraft:spruce_log":7,"minecraft:grass":169,"minecraft:coal_ore":24,"minecraft:oak_log":6,"minecraft:gravel":7,"minecraft:sunflower":12,"minecraft:sand":105,"minecraft:dirt":55,"minecraft:netherrack":143,"minecraft:oak_leaves":1,"minecraft:deepslate":291},"minecraft:killed":{"minecraft:zombified_piglin":2,"minecraft:spider":11,"minecraft:zombie_horse":1,"minecraft:skeleton":11,"minecraft:bee":1,"minecraft:chicken":5,"minecraft:drowned":3,"minecraft:magma_cube":12,"minecraft:wolf":1,"minecraft:pig":25,"minecraft:zombie_villager":1,"minecraft:creeper":1,"minecraft:zombie":36,"minecraft:player":6,"minecraft:villager":1,"minecraft:enderman":2,"minecraft:cow":22},"minecraft:killed_by":{"minecraft:player":3,"minecraft:zombified_piglin":1,"minecraft:enderman":1,"minecraft:skeleton":4,"minecraft:zombie":2},"minecraft:picked_up":{"minecraft:coarse_dirt":8,"minecraft:crafting_table":2,"minecraft:wheat":18,"minecraft:azure_bluet":3,"minecraft:chicken":3,"minecraft:brown_mushroom":2,"minecraft:lead":19,"minecraft:diamond_sword":5,"minecraft:potion":1,"minecraft:nether_brick":4,"minecraft:cornflower":1,"minecraft:string":10,"minecraft:oak_trapdoor":1,"minecraft:soul_soil":11,"minecraft:raw_copper":25,"minecraft:iron_axe":1,"minecraft:oak_sign":2,"minecraft:gold_nugget":98,"minecraft:cobbled_deepslate":443,"minecraft:beef":46,"minecraft:oak_boat":9,"minecraft:poppy":5,"minecraft:chest":5,"minecraft:iron_boots":1,"minecraft:egg":8,"minecraft:raw_iron":23,"minecraft:sandstone":8,"minecraft:copper_ingot":1,"minecraft:oak_fence":15,"minecraft:torch":36,"minecraft:fire_charge":2,"minecraft:porkchop":45,"minecraft:diorite":5,"minecraft:carrot":43,"minecraft:redstone":68,"minecraft:quartz_block":1,"minecraft:arrow":25,"minecraft:rotten_flesh":42,"minecraft:peony":1,"minecraft:hay_block":27,"minecraft:red_tulip":1,"minecraft:gold_ingot":14,"minecraft:white_terracotta":156,"minecraft:white_wool":61,"minecraft:obsidian":3,"minecraft:snowball":209,"minecraft:bone_block":1,"minecraft:cobblestone":199,"minecraft:oxeye_daisy":6,"minecraft:birch_log":17,"minecraft:feather":1,"minecraft:cooked_beef":4,"minecraft:golden_carrot":4,"minecraft:water_bucket":5,"minecraft:andesite":15,"minecraft:leather":16,"minecraft:brown_wool":13,"minecraft:birch_planks":4,"minecraft:flint":1,"minecraft:tuff":23,"minecraft:oak_log":6,"minecraft:yellow_bed":1,"minecraft:gunpowder":4,"minecraft:dirt":594,"minecraft:glass":1,"minecraft:bone":10,"minecraft:bow":2,"minecraft:wheat_seeds":78,"minecraft:raw_gold":18,"minecraft:oak_planks":6,"minecraft:iron_sword":2,"minecraft:oak_slab":5,"travelersbackpack:squid":2,"minecraft:quartz":54,"minecraft:dandelion":16,"minecraft:gravel":21,"minecraft:sand":120,"minecraft:spruce_sapling":1,"minecraft:white_bed":4,"minecraft:spruce_log":7,"minecraft:grass_block":2,"minecraft:loom":2,"minecraft:crying_obsidian":5,"minecraft:spider_eye":3,"minecraft:mossy_cobblestone":6,"travelersbackpack:standard":1,"minecraft:diamond":89,"minecraft:iron_helmet":1,"minecraft:granite":27,"minecraft:gray_wool":1,"minecraft:terracotta":2,"minecraft:baked_potato":5,"minecraft:netherrack":131,"minecraft:coal":22,"minecraft:sunflower":12,"minecraft:diamond_pickaxe":3}},"DataVersion":3465}