{"stats":{"minecraft:custom":{"minecraft:mob_kills":42,"minecraft:animals_bred":1,"minecraft:interact_with_crafting_table":23,"minecraft:leave_game":1,"minecraft:time_since_death":78959,"minecraft:sprint_one_cm":377710,"minecraft:walk_one_cm":451606,"minecraft:damage_blocked_by_shield":345,"minecraft:drop":222,"minecraft:talked_to_villager":22,"minecraft:play_time":181132,"minecraft:deaths":8,"minecraft:sneak_time":9536,"minecraft:walk_under_water_one_cm":86219,"minecraft:jump":2949,"minecraft:walk_on_water_one_cm":55816,"minecraft:total_world_time":181132,"minecraft:interact_with_furnace":9,"minecraft:interact_with_stonecutter":2,"minecraft:sleep_in_bed":6,"minecraft:time_since_rest":1826,"minecraft:damage_taken":4436,"minecraft:damage_dealt":8375,"minecraft:swim_one_cm":206826,"minecraft:fly_one_cm":571968,"minecraft:player_kills":4,"minecraft:open_chest":56,"minecraft:crouch_one_cm":26267,"minecraft:interact_with_smoker":4,"minecraft:fall_one_cm":75966},"minecraft:used":{"minecraft:oak_fence":22,"minecraft:chest":4,"minecraft:shield":6,"minecraft:rotten_flesh":2,"minecraft:iron_chestplate":1,"minecraft:torch":9,"minecraft:dirt":21,"minecraft:carrot":13,"minecraft:iron_helmet":1,"minecraft:iron_boots":1,"minecraft:golden_carrot":4,"minecraft:beef":7,"minecraft:egg":7,"minecraft:cooked_beef":9,"minecraft:cobbled_deepslate":60,"minecraft:iron_leggings":1,"minecraft:wheat_seeds":1,"minecraft:water_bucket":20,"minecraft:diorite":1,"minecraft:oak_planks":94,"minecraft:baked_potato":4,"minecraft:oak_slab":10,"minecraft:white_bed":2,"minecraft:diamond_pickaxe":694,"minecraft:sunflower":2,"minecraft:chicken":3,"minecraft:diamond_sword":191,"minecraft:cobblestone":48,"minecraft:porkchop":3,"minecraft:birch_log":2,"minecraft:bucket":20,"minecraft:yellow_bed":1,"minecraft:coarse_dirt":8},"minecraft:dropped":{"minecraft:water_bucket":4,"minecraft:wheat_seeds":2,"minecraft:cooked_beef":4,"minecraft:diamond":10,"minecraft:feather":1,"minecraft:lead":2,"minecraft:leather":8,"minecraft:stick":1,"minecraft:oxeye_daisy":2,"minecraft:dirt":3,"minecraft:torch":1,"minecraft:cornflower":1,"minecraft:sunflower":4,"minecraft:sand":202,"minecraft:dandelion":1,"minecraft:cobbled_deepslate":166,"minecraft:rotten_flesh":3,"minecraft:azure_bluet":2,"minecraft:diamond_sword":3,"minecraft:diamond_pickaxe":1,"minecraft:spider_eye":1,"minecraft:red_tulip":1},"minecraft:crafted":{"minecraft:golden_carrot":20,"minecraft:oak_planks":172,"minecraft:iron_boots":1,"minecraft:oak_fence":17,"minecraft:cooked_beef":9,"minecraft:oak_slab":6,"minecraft:diamond_sword":1,"minecraft:iron_helmet":1,"minecraft:air":0,"minecraft:iron_chestplate":1,"minecraft:diamond_pickaxe":1,"minecraft:gold_nugget":162,"minecraft:stick":32,"minecraft:iron_leggings":2,"minecraft:gold_ingot":18},"minecraft:mined":{"minecraft:tuff":43,"minecraft:white_bed":3,"minecraft:deepslate_diamond_ore":34,"minecraft:granite":21,"minecraft:grass_block":3,"minecraft:oxeye_daisy":1,"minecraft:tall_seagrass":1,"minecraft:carrots":23,"minecraft:iron_ore":9,"minecraft:cobbled_deepslate":33,"minecraft:andesite":13,"minecraft:azure_bluet":1,"minecraft:red_tulip":1,"minecraft:deepslate_iron_ore":13,"minecraft:stone":139,"minecraft:deepslate_redstone_ore":18,"minecraft:oak_slab":4,"minecraft:dandelion":1,"minecraft:oak_fence":8,"minecraft:clay":1,"minecraft:cornflower":1,"minecraft:torch":3,"minecraft:copper_ore":5,"minecraft:tall_grass":1,"minecraft:cobblestone":14,"minecraft:deepslate_gold_ore":20,"minecraft:oak_planks":6,"minecraft:diorite":5,"minecraft:wall_torch":7,"minecraft:coarse_dirt":9,"minecraft:birch_log":1,"minecraft:grass":20,"minecraft:coal_ore":7,"minecraft:sunflower":11,"minecraft:gravel":7,"minecraft:dirt":29,"minecraft:deepslate":291},"minecraft:killed":{"minecraft:spider":5,"minecraft:skeleton":2,"minecraft:chicken":5,"minecraft:pig":1,"minecraft:zombie":18,"minecraft:player":4,"minecraft:villager":1,"minecraft:cow":9},"minecraft:killed_by":{"minecraft:player":2,"minecraft:skeleton":1,"minecraft:zombie":1},"minecraft:picked_up":{"minecraft:coarse_dirt":8,"minecraft:azure_bluet":2,"minecraft:chicken":3,"minecraft:lead":19,"minecraft:diamond_sword":3,"minecraft:cornflower":1,"minecraft:string":2,"minecraft:iron_axe":1,"minecraft:raw_copper":16,"minecraft:cobbled_deepslate":412,"minecraft:beef":16,"minecraft:chest":5,"minecraft:egg":7,"minecraft:raw_iron":23,"minecraft:oak_fence":14,"minecraft:torch":10,"minecraft:porkchop":3,"minecraft:diorite":5,"minecraft:carrot":42,"minecraft:redstone":68,"minecraft:rotten_flesh":19,"minecraft:arrow":2,"minecraft:red_tulip":1,"minecraft:white_terracotta":47,"minecraft:cobblestone":129,"minecraft:oxeye_daisy":2,"minecraft:birch_log":3,"minecraft:feather":1,"minecraft:cooked_beef":4,"minecraft:golden_carrot":4,"minecraft:water_bucket":5,"minecraft:andesite":10,"minecraft:leather":8,"minecraft:flint":1,"minecraft:tuff":23,"minecraft:dirt":52,"minecraft:bone":3,"minecraft:wheat_seeds":3,"minecraft:raw_gold":18,"minecraft:oak_planks":6,"minecraft:oak_slab":5,"minecraft:dandelion":1,"minecraft:gravel":6,"minecraft:sand":10,"minecraft:white_bed":2,"minecraft:spider_eye":2,"minecraft:mossy_cobblestone":6,"minecraft:diamond":89,"minecraft:granite":21,"minecraft:gray_wool":1,"minecraft:terracotta":2,"minecraft:baked_potato":4,"minecraft:coal":5,"minecraft:sunflower":10,"minecraft:diamond_pickaxe":2}},"DataVersion":3465}