{"stats":{"minecraft:custom":{"minecraft:interact_with_smithing_table":3,"minecraft:mob_kills":78,"minecraft:interact_with_anvil":3,"minecraft:animals_bred":1,"minecraft:interact_with_crafting_table":48,"minecraft:open_barrel":37,"minecraft:leave_game":2,"minecraft:time_since_death":2782,"minecraft:sprint_one_cm":757691,"minecraft:walk_one_cm":895249,"minecraft:damage_blocked_by_shield":1875,"minecraft:drop":248,"minecraft:talked_to_villager":22,"minecraft:play_time":366159,"minecraft:sneak_time":16913,"minecraft:deaths":14,"minecraft:walk_under_water_one_cm":103028,"minecraft:jump":6901,"minecraft:interact_with_blast_furnace":6,"minecraft:walk_on_water_one_cm":97892,"minecraft:total_world_time":366159,"minecraft:interact_with_furnace":64,"minecraft:interact_with_stonecutter":4,"minecraft:sleep_in_bed":12,"minecraft:time_since_rest":2810,"minecraft:damage_taken":7877,"minecraft:damage_dealt":13746,"minecraft:swim_one_cm":367804,"minecraft:fly_one_cm":1610153,"minecraft:player_kills":6,"minecraft:open_chest":132,"minecraft:crouch_one_cm":56835,"minecraft:interact_with_smoker":12,"minecraft:fall_one_cm":149141},"minecraft:used":{"minecraft:oak_fence":22,"minecraft:iron_shovel":588,"minecraft:chest":4,"minecraft:shield":17,"minecraft:white_terracotta":78,"minecraft:rotten_flesh":8,"minecraft:iron_chestplate":2,"minecraft:torch":14,"minecraft:dirt":117,"minecraft:white_carpet":15,"minecraft:carrot":13,"minecraft:golden_shovel":36,"minecraft:birch_door":4,"minecraft:glass":263,"minecraft:iron_helmet":1,"minecraft:iron_boots":1,"minecraft:golden_carrot":14,"minecraft:beef":7,"minecraft:soul_soil":3,"minecraft:egg":8,"minecraft:cooked_beef":10,"minecraft:cobbled_deepslate":705,"minecraft:iron_leggings":1,"minecraft:wheat_seeds":1,"minecraft:water_bucket":28,"minecraft:diorite":1,"minecraft:baked_potato":24,"minecraft:oak_planks":94,"minecraft:sandstone":8,"minecraft:diamond_block":4,"minecraft:oak_slab":10,"minecraft:white_bed":2,"minecraft:diamond_pickaxe":1040,"minecraft:chicken":3,"minecraft:sunflower":2,"minecraft:bread":3,"minecraft:diamond_sword":297,"minecraft:cobblestone":426,"travelersbackpack:standard":5,"minecraft:porkchop":7,"minecraft:cooked_porkchop":3,"minecraft:andesite":5,"minecraft:bucket":28,"minecraft:birch_log":2,"minecraft:yellow_bed":1,"minecraft:coarse_dirt":8},"minecraft:dropped":{"minecraft:water_bucket":4,"minecraft:wheat_seeds":2,"minecraft:cooked_beef":4,"minecraft:diamond":10,"minecraft:feather":1,"minecraft:lead":2,"minecraft:leather":8,"minecraft:stick":1,"minecraft:oxeye_daisy":2,"minecraft:dirt":3,"minecraft:golden_carrot":10,"minecraft:torch":1,"minecraft:cornflower":1,"minecraft:gold_nugget":2,"minecraft:sunflower":4,"minecraft:sand":202,"minecraft:dandelion":1,"minecraft:gold_ingot":8,"minecraft:cobbled_deepslate":166,"minecraft:raw_copper":9,"minecraft:rotten_flesh":11,"minecraft:azure_bluet":2,"minecraft:carrot":1,"minecraft:diamond_sword":3,"minecraft:diamond_pickaxe":2,"minecraft:spider_eye":1,"minecraft:red_tulip":1},"minecraft:broken":{"minecraft:iron_shovel":2,"minecraft:golden_shovel":1},"minecraft:crafted":{"minecraft:golden_carrot":20,"minecraft:oak_planks":172,"minecraft:white_carpet":14,"minecraft:diamond_block":4,"minecraft:glass":200,"minecraft:iron_boots":1,"minecraft:birch_door":6,"minecraft:oak_fence":17,"minecraft:golden_helmet":1,"minecraft:cooked_beef":10,"minecraft:oak_slab":6,"minecraft:diamond_sword":1,"minecraft:cooked_porkchop":3,"minecraft:baked_potato":93,"minecraft:iron_helmet":1,"minecraft:cooked_salmon":1,"minecraft:golden_shovel":1,"minecraft:birch_planks":56,"minecraft:bread":3,"minecraft:air":0,"minecraft:iron_chestplate":1,"minecraft:diamond_pickaxe":2,"minecraft:gold_nugget":162,"minecraft:stick":32,"minecraft:iron_ingot":30,"minecraft:iron_shovel":2,"minecraft:gold_ingot":34,"minecraft:iron_leggings":2,"minecraft:shears":1},"minecraft:mined":{"minecraft:nether_gold_ore":23,"minecraft:tuff":43,"minecraft:white_bed":3,"minecraft:deepslate_diamond_ore":34,"minecraft:glow_lichen":1,"minecraft:granite":27,"minecraft:grass_block":423,"minecraft:soul_soil":5,"minecraft:oxeye_daisy":1,"minecraft:sandstone":8,"minecraft:tall_seagrass":1,"minecraft:carrots":23,"minecraft:iron_ore":9,"minecraft:cobbled_deepslate":69,"minecraft:andesite":18,"minecraft:azure_bluet":1,"minecraft:red_tulip":1,"minecraft:deepslate_iron_ore":13,"minecraft:stone":165,"minecraft:deepslate_redstone_ore":18,"minecraft:oak_slab":4,"minecraft:dandelion":1,"minecraft:oak_fence":8,"minecraft:clay":1,"minecraft:cornflower":1,"minecraft:torch":4,"minecraft:nether_quartz_ore":16,"minecraft:cobblestone":27,"minecraft:glass":5,"minecraft:tall_grass":17,"minecraft:copper_ore":7,"minecraft:deepslate_gold_ore":20,"minecraft:oak_planks":6,"minecraft:diorite":5,"minecraft:wall_torch":8,"minecraft:white_terracotta":109,"minecraft:coarse_dirt":9,"minecraft:birch_log":15,"minecraft:wheat":1,"minecraft:grass":106,"minecraft:coal_ore":24,"minecraft:sunflower":12,"minecraft:gravel":7,"minecraft:sand":104,"minecraft:dirt":40,"minecraft:netherrack":77,"minecraft:deepslate":291},"minecraft:killed":{"minecraft:zombified_piglin":1,"minecraft:spider":7,"minecraft:skeleton":8,"minecraft:chicken":5,"minecraft:drowned":1,"minecraft:magma_cube":12,"minecraft:pig":3,"minecraft:zombie_villager":1,"minecraft:zombie":29,"minecraft:player":6,"minecraft:villager":1,"minecraft:cow":9},"minecraft:killed_by":{"minecraft:player":2,"minecraft:zombified_piglin":1,"minecraft:enderman":1,"minecraft:skeleton":4,"minecraft:zombie":2},"minecraft:picked_up":{"minecraft:coarse_dirt":8,"minecraft:azure_bluet":2,"minecraft:chicken":3,"minecraft:lead":19,"minecraft:diamond_sword":3,"minecraft:soul_soil":5,"minecraft:cornflower":1,"minecraft:iron_axe":1,"minecraft:string":8,"minecraft:raw_copper":25,"minecraft:gold_nugget":98,"minecraft:cobbled_deepslate":443,"minecraft:beef":16,"minecraft:chest":5,"minecraft:egg":8,"minecraft:raw_iron":23,"minecraft:sandstone":8,"minecraft:oak_fence":14,"minecraft:copper_ingot":1,"minecraft:torch":16,"minecraft:porkchop":7,"minecraft:diorite":5,"minecraft:carrot":42,"minecraft:redstone":68,"minecraft:rotten_flesh":34,"minecraft:arrow":5,"minecraft:red_tulip":1,"minecraft:gold_ingot":4,"minecraft:white_terracotta":156,"minecraft:obsidian":1,"minecraft:white_wool":11,"minecraft:cobblestone":169,"minecraft:oxeye_daisy":2,"minecraft:birch_log":17,"minecraft:feather":1,"minecraft:cooked_beef":4,"minecraft:golden_carrot":4,"minecraft:water_bucket":5,"minecraft:andesite":15,"minecraft:brown_wool":13,"minecraft:leather":8,"minecraft:flint":1,"minecraft:tuff":23,"minecraft:dirt":519,"minecraft:bone":10,"minecraft:bow":2,"minecraft:wheat_seeds":13,"minecraft:raw_gold":18,"minecraft:iron_sword":1,"minecraft:oak_planks":6,"minecraft:oak_slab":5,"minecraft:quartz":16,"minecraft:dandelion":1,"minecraft:gravel":6,"minecraft:sand":119,"minecraft:white_bed":2,"minecraft:spider_eye":3,"minecraft:mossy_cobblestone":6,"travelersbackpack:standard":1,"minecraft:diamond":89,"minecraft:granite":27,"minecraft:gray_wool":1,"minecraft:baked_potato":4,"minecraft:terracotta":2,"minecraft:netherrack":76,"minecraft:coal":22,"minecraft:diamond_pickaxe":2,"minecraft:sunflower":10}},"DataVersion":3465}