{"stats":{"minecraft:custom":{"minecraft:animals_bred":9,"minecraft:interact_with_crafting_table":90,"minecraft:open_barrel":84,"minecraft:bell_ring":23,"minecraft:leave_game":6,"minecraft:time_since_death":128416,"minecraft:sprint_one_cm":1107704,"minecraft:damage_blocked_by_shield":2745,"minecraft:drop":440,"minecraft:talked_to_villager":22,"minecraft:play_time":568184,"minecraft:deaths":16,"minecraft:jump":10510,"minecraft:walk_on_water_one_cm":139557,"minecraft:interact_with_furnace":93,"minecraft:interact_with_loom":4,"minecraft:sleep_in_bed":23,"minecraft:damage_dealt":21596,"minecraft:player_kills":6,"minecraft:crouch_one_cm":77123,"minecraft:interact_with_smoker":13,"minecraft:interact_with_smithing_table":3,"minecraft:mob_kills":138,"minecraft:interact_with_anvil":7,"minecraft:climb_one_cm":2970,"minecraft:walk_one_cm":1339691,"minecraft:sneak_time":23983,"minecraft:walk_under_water_one_cm":170277,"minecraft:boat_one_cm":684946,"minecraft:interact_with_blast_furnace":9,"minecraft:total_world_time":568184,"minecraft:interact_with_grindstone":2,"minecraft:interact_with_stonecutter":4,"minecraft:time_since_rest":8869,"minecraft:damage_taken":10680,"minecraft:swim_one_cm":482652,"minecraft:fly_one_cm":2487560,"minecraft:open_chest":215,"minecraft:fall_one_cm":222301},"minecraft:used":{"minecraft:iron_shovel":588,"minecraft:oak_sign":7,"minecraft:chest":6,"minecraft:shield":22,"minecraft:white_terracotta":78,"minecraft:rotten_flesh":8,"minecraft:iron_chestplate":2,"minecraft:carrot":13,"minecraft:glass":287,"minecraft:iron_helmet":3,"minecraft:furnace":2,"minecraft:oak_sapling":1,"minecraft:egg":8,"minecraft:diorite":1,"minecraft:oak_planks":108,"minecraft:sandstone":8,"minecraft:white_wool":1,"minecraft:loom":2,"minecraft:shears":11,"minecraft:bread":12,"minecraft:golden_helmet":1,"minecraft:diamond_sword":567,"minecraft:birch_log":2,"minecraft:andesite":5,"minecraft:oak_boat":15,"minecraft:coarse_dirt":8,"minecraft:oak_fence":24,"minecraft:wooden_shovel":116,"minecraft:netherrack":61,"minecraft:torch":34,"minecraft:dirt":232,"minecraft:white_carpet":18,"minecraft:golden_shovel":36,"minecraft:spruce_fence":9,"minecraft:birch_door":4,"travelersbackpack:squid":4,"minecraft:iron_boots":1,"minecraft:bamboo":2,"minecraft:golden_carrot":14,"minecraft:beef":7,"minecraft:soul_soil":3,"minecraft:cooked_beef":18,"minecraft:cobbled_deepslate":705,"minecraft:iron_leggings":1,"minecraft:wheat_seeds":36,"minecraft:water_bucket":40,"minecraft:birch_planks":48,"minecraft:baked_potato":53,"minecraft:diamond_block":4,"minecraft:oak_slab":10,"minecraft:crafting_table":3,"minecraft:white_bed":5,"minecraft:wooden_hoe":10,"minecraft:diamond_pickaxe":1132,"minecraft:sunflower":2,"minecraft:chicken":3,"minecraft:stone_axe":13,"minecraft:cobblestone":453,"minecraft:potion":1,"travelersbackpack:standard":5,"minecraft:cooked_porkchop":10,"minecraft:porkchop":7,"minecraft:bucket":40,"minecraft:yellow_bed":5,"minecraft:dandelion":1},"minecraft:dropped":{"minecraft:brown_mushroom":2,"minecraft:cooked_beef":23,"minecraft:baked_potato":65,"minecraft:diamond":10,"minecraft:cooked_porkchop":7,"minecraft:leather":8,"minecraft:dirt":21,"minecraft:grass":2,"minecraft:cornflower":2,"minecraft:gold_nugget":8,"minecraft:bone_block":1,"minecraft:sunflower":6,"minecraft:sand":202,"minecraft:gold_ingot":34,"minecraft:cobbled_deepslate":166,"minecraft:rotten_flesh":19,"minecraft:azure_bluet":3,"minecraft:white_bed":1,"minecraft:carrot":1,"minecraft:poppy":4,"minecraft:arrow":22,"minecraft:glass":1,"minecraft:oak_leaves":2,"minecraft:water_bucket":4,"minecraft:bread":64,"minecraft:wheat_seeds":7,"travelersbackpack:squid":2,"minecraft:diamond_leggings":1,"minecraft:lead":2,"minecraft:feather":1,"minecraft:iron_helmet":1,"minecraft:cobblestone":80,"minecraft:copper_ingot":1,"minecraft:grass_block":1,"minecraft:stick":1,"minecraft:oxeye_daisy":4,"minecraft:golden_carrot":10,"minecraft:torch":1,"minecraft:cooked_salmon":9,"minecraft:diamond_helmet":1,"minecraft:fire_charge":1,"minecraft:string":8,"minecraft:spruce_sapling":1,"minecraft:dandelion":20,"minecraft:raw_copper":9,"minecraft:diamond_sword":7,"minecraft:shield":1,"minecraft:diamond_chestplate":1,"minecraft:peony":1,"minecraft:diamond_pickaxe":3,"minecraft:oak_boat":1,"minecraft:wooden_shovel":1,"minecraft:spider_eye":2,"minecraft:bamboo":71,"minecraft:diamond_boots":1,"minecraft:red_tulip":1},"minecraft:broken":{"minecraft:iron_shovel":2,"minecraft:wooden_shovel":1,"minecraft:golden_shovel":1},"minecraft:crafted":{"minecraft:oak_planks":252,"minecraft:oak_sign":3,"minecraft:glass":200,"minecraft:diamond_helmet":1,"minecraft:diamond_leggings":2,"minecraft:iron_boots":1,"minecraft:chest":2,"minecraft:birch_door":6,"minecraft:oak_fence":20,"minecraft:oak_slab":6,"minecraft:wooden_shovel":2,"minecraft:cooked_porkchop":18,"minecraft:crafting_table":1,"minecraft:spruce_planks":28,"minecraft:baked_potato":93,"minecraft:iron_helmet":1,"minecraft:birch_planks":56,"minecraft:wooden_hoe":1,"minecraft:iron_chestplate":1,"minecraft:diamond_pickaxe":3,"minecraft:stick":60,"minecraft:iron_ingot":63,"minecraft:gold_ingot":44,"minecraft:shears":1,"minecraft:golden_carrot":20,"minecraft:furnace":2,"minecraft:spruce_fence":9,"minecraft:white_carpet":17,"minecraft:diamond_block":4,"minecraft:diamond_boots":1,"minecraft:golden_helmet":1,"minecraft:wheat":243,"minecraft:cooked_beef":37,"minecraft:diamond_sword":3,"minecraft:cooked_salmon":9,"minecraft:golden_shovel":1,"minecraft:stone_axe":1,"minecraft:bread":89,"minecraft:air":0,"minecraft:oak_boat":3,"minecraft:gold_nugget":162,"minecraft:iron_shovel":2,"minecraft:iron_leggings":2,"minecraft:white_bed":2,"minecraft:diamond_chestplate":2},"minecraft:mined":{"minecraft:white_bed":5,"minecraft:granite":27,"minecraft:grass_block":469,"minecraft:soul_soil":9,"minecraft:oxeye_daisy":2,"minecraft:tall_seagrass":1,"minecraft:iron_ore":9,"minecraft:cobbled_deepslate":69,"minecraft:fire":4,"minecraft:pumpkin":7,"minecraft:azure_bluet":1,"minecraft:red_tulip":1,"minecraft:oak_sign":2,"minecraft:dirt_path":1,"minecraft:deepslate_redstone_ore":18,"minecraft:powder_snow":9,"minecraft:clay":1,"minecraft:torch":6,"minecraft:poppy":1,"minecraft:glass":5,"minecraft:nether_quartz_ore":16,"minecraft:cobblestone":39,"minecraft:oak_planks":6,"minecraft:wall_torch":23,"minecraft:seagrass":2,"minecraft:white_terracotta":109,"minecraft:birch_log":15,"minecraft:wheat":28,"minecraft:grass":178,"minecraft:oak_log":6,"minecraft:sand":105,"minecraft:dirt":59,"minecraft:netherrack":143,"minecraft:oak_leaves":3,"minecraft:deepslate":291,"minecraft:nether_gold_ore":23,"minecraft:tuff":43,"minecraft:deepslate_diamond_ore":34,"minecraft:glow_lichen":1,"minecraft:sandstone":8,"minecraft:carrots":23,"minecraft:snow":9,"minecraft:andesite":18,"minecraft:deepslate_iron_ore":13,"minecraft:bamboo_sapling":1,"minecraft:bamboo":22,"minecraft:stone":165,"minecraft:bone_block":1,"minecraft:white_wool":7,"minecraft:oak_slab":4,"minecraft:snow_block":50,"minecraft:dandelion":2,"minecraft:oak_fence":8,"minecraft:crafting_table":2,"minecraft:cornflower":1,"minecraft:tall_grass":39,"minecraft:copper_ore":7,"minecraft:deepslate_gold_ore":20,"minecraft:diorite":5,"minecraft:birch_planks":4,"minecraft:coarse_dirt":9,"minecraft:spruce_log":7,"minecraft:yellow_bed":4,"minecraft:coal_ore":24,"minecraft:sunflower":12,"minecraft:gravel":7},"minecraft:killed":{"minecraft:zombified_piglin":2,"minecraft:spider":11,"minecraft:zombie_horse":1,"minecraft:skeleton":11,"minecraft:bee":1,"minecraft:chicken":5,"minecraft:wolf":1,"minecraft:magma_cube":12,"minecraft:pig":25,"minecraft:zombie_villager":1,"minecraft:creeper":1,"minecraft:sheep":1,"minecraft:zombie":36,"minecraft:cow":22,"minecraft:drowned":3,"minecraft:player":6,"minecraft:villager":1,"minecraft:enderman":2},"minecraft:killed_by":{"minecraft:zombified_piglin":1,"minecraft:zombie":2,"minecraft:player":3,"minecraft:enderman":1,"minecraft:skeleton":4},"minecraft:picked_up":{"minecraft:wheat":18,"minecraft:lead":19,"minecraft:diamond_sword":5,"minecraft:potion":1,"minecraft:nether_brick":4,"minecraft:string":10,"minecraft:raw_copper":25,"minecraft:soul_soil":11,"minecraft:oak_sign":2,"minecraft:gold_nugget":98,"minecraft:cobbled_deepslate":443,"minecraft:iron_boots":1,"minecraft:oak_fence":15,"minecraft:torch":36,"minecraft:porkchop":45,"minecraft:diorite":5,"minecraft:quartz_block":1,"minecraft:rotten_flesh":42,"minecraft:red_tulip":1,"minecraft:white_terracotta":156,"minecraft:obsidian":3,"minecraft:snowball":209,"minecraft:cobblestone":199,"minecraft:birch_log":17,"minecraft:feather":1,"minecraft:cooked_beef":4,"minecraft:water_bucket":5,"minecraft:andesite":15,"minecraft:brown_wool":13,"minecraft:flint":1,"minecraft:tuff":23,"minecraft:dirt":599,"minecraft:glass":1,"minecraft:bone":10,"minecraft:bow":2,"minecraft:wheat_seeds":80,"minecraft:raw_gold":18,"minecraft:bamboo":265,"minecraft:oak_planks":6,"travelersbackpack:squid":2,"minecraft:sand":120,"minecraft:loom":2,"minecraft:grass_block":2,"minecraft:mossy_cobblestone":6,"minecraft:diamond":89,"minecraft:granite":27,"minecraft:grass":4,"minecraft:netherrack":131,"minecraft:oak_leaves":2,"minecraft:diamond_pickaxe":3,"minecraft:crafting_table":2,"minecraft:coarse_dirt":8,"minecraft:azure_bluet":3,"minecraft:chicken":3,"minecraft:brown_mushroom":2,"minecraft:cornflower":2,"minecraft:oak_trapdoor":1,"minecraft:iron_axe":1,"minecraft:beef":46,"minecraft:oak_boat":14,"minecraft:poppy":5,"minecraft:chest":5,"minecraft:egg":8,"minecraft:raw_iron":23,"minecraft:sandstone":8,"minecraft:copper_ingot":1,"minecraft:fire_charge":2,"minecraft:carrot":43,"minecraft:redstone":68,"minecraft:arrow":25,"minecraft:peony":1,"minecraft:hay_block":27,"minecraft:gold_ingot":14,"minecraft:mutton":2,"minecraft:bone_block":1,"minecraft:white_wool":102,"minecraft:oxeye_daisy":6,"minecraft:golden_carrot":4,"minecraft:leather":16,"minecraft:birch_planks":4,"minecraft:oak_log":6,"minecraft:yellow_bed":5,"minecraft:gunpowder":4,"minecraft:iron_sword":2,"minecraft:oak_slab":5,"minecraft:pumpkin":7,"minecraft:quartz":54,"minecraft:dandelion":21,"minecraft:gravel":21,"minecraft:spruce_sapling":1,"minecraft:white_bed":4,"minecraft:spruce_log":7,"minecraft:crying_obsidian":5,"minecraft:spider_eye":3,"travelersbackpack:standard":1,"minecraft:iron_helmet":1,"minecraft:gray_wool":1,"minecraft:terracotta":2,"minecraft:baked_potato":5,"minecraft:coal":22,"minecraft:sunflower":12}},"DataVersion":3465}