{"stats":{"minecraft:custom":{"minecraft:interact_with_smithing_table":3,"minecraft:interact_with_anvil":7,"minecraft:mob_kills":125,"minecraft:animals_bred":8,"minecraft:interact_with_crafting_table":73,"minecraft:open_barrel":66,"minecraft:leave_game":5,"minecraft:time_since_death":41222,"minecraft:sprint_one_cm":949067,"minecraft:walk_one_cm":1171457,"minecraft:damage_blocked_by_shield":2280,"minecraft:drop":398,"minecraft:talked_to_villager":22,"minecraft:play_time":480990,"minecraft:sneak_time":20469,"minecraft:deaths":16,"minecraft:walk_under_water_one_cm":162527,"minecraft:boat_one_cm":352554,"minecraft:jump":8937,"minecraft:interact_with_blast_furnace":9,"minecraft:walk_on_water_one_cm":116934,"minecraft:total_world_time":480990,"minecraft:interact_with_furnace":80,"minecraft:interact_with_stonecutter":4,"minecraft:interact_with_grindstone":2,"minecraft:sleep_in_bed":15,"minecraft:time_since_rest":13178,"minecraft:damage_taken":9956,"minecraft:damage_dealt":19058,"minecraft:swim_one_cm":448509,"minecraft:fly_one_cm":2079658,"minecraft:player_kills":6,"minecraft:open_chest":167,"minecraft:crouch_one_cm":66689,"minecraft:interact_with_smoker":12,"minecraft:fall_one_cm":188345},"minecraft:used":{"minecraft:oak_fence":24,"minecraft:iron_shovel":588,"minecraft:oak_sign":3,"minecraft:chest":4,"minecraft:shield":18,"minecraft:white_terracotta":78,"minecraft:wooden_shovel":59,"minecraft:rotten_flesh":8,"minecraft:netherrack":61,"minecraft:iron_chestplate":2,"minecraft:torch":34,"minecraft:dirt":181,"minecraft:white_carpet":18,"minecraft:carrot":13,"minecraft:golden_shovel":36,"minecraft:spruce_fence":9,"minecraft:birch_door":4,"minecraft:glass":267,"travelersbackpack:squid":4,"minecraft:iron_helmet":3,"minecraft:iron_boots":1,"minecraft:golden_carrot":14,"minecraft:beef":7,"minecraft:soul_soil":3,"minecraft:furnace":2,"minecraft:egg":8,"minecraft:cooked_beef":18,"minecraft:cobbled_deepslate":705,"minecraft:iron_leggings":1,"minecraft:wheat_seeds":1,"minecraft:water_bucket":30,"minecraft:diorite":1,"minecraft:birch_planks":48,"minecraft:baked_potato":49,"minecraft:oak_planks":94,"minecraft:sandstone":8,"minecraft:white_wool":1,"minecraft:diamond_block":4,"minecraft:oak_slab":10,"minecraft:crafting_table":3,"minecraft:white_bed":5,"minecraft:diamond_pickaxe":1130,"minecraft:chicken":3,"minecraft:sunflower":2,"minecraft:bread":3,"minecraft:stone_axe":1,"minecraft:golden_helmet":1,"minecraft:diamond_sword":412,"minecraft:cobblestone":447,"travelersbackpack:standard":5,"minecraft:porkchop":7,"minecraft:cooked_porkchop":3,"minecraft:andesite":5,"minecraft:bucket":30,"minecraft:birch_log":2,"minecraft:yellow_bed":1,"minecraft:oak_boat":8,"minecraft:coarse_dirt":8,"minecraft:dandelion":1},"minecraft:dropped":{"minecraft:water_bucket":4,"minecraft:brown_mushroom":2,"minecraft:wheat_seeds":2,"minecraft:cooked_beef":23,"minecraft:baked_potato":65,"minecraft:diamond":10,"travelersbackpack:squid":1,"minecraft:diamond_leggings":1,"minecraft:cobblestone":80,"minecraft:feather":1,"minecraft:iron_helmet":1,"minecraft:lead":2,"minecraft:leather":8,"minecraft:copper_ingot":1,"minecraft:stick":1,"minecraft:oxeye_daisy":3,"minecraft:dirt":21,"minecraft:golden_carrot":10,"minecraft:torch":1,"minecraft:cornflower":1,"minecraft:cooked_salmon":9,"minecraft:diamond_helmet":1,"minecraft:fire_charge":1,"minecraft:gold_nugget":8,"minecraft:sunflower":5,"minecraft:bone_block":1,"minecraft:sand":202,"minecraft:string":8,"minecraft:spruce_sapling":1,"minecraft:dandelion":2,"minecraft:gold_ingot":34,"minecraft:cobbled_deepslate":166,"minecraft:raw_copper":9,"minecraft:rotten_flesh":12,"minecraft:azure_bluet":2,"minecraft:white_bed":1,"minecraft:carrot":1,"minecraft:diamond_sword":7,"minecraft:shield":1,"minecraft:diamond_chestplate":1,"minecraft:diamond_pickaxe":3,"minecraft:spider_eye":2,"minecraft:diamond_boots":1,"minecraft:arrow":18,"minecraft:red_tulip":1},"minecraft:broken":{"minecraft:iron_shovel":2,"minecraft:wooden_shovel":1,"minecraft:golden_shovel":1},"minecraft:crafted":{"minecraft:golden_carrot":20,"minecraft:oak_planks":232,"minecraft:furnace":2,"minecraft:spruce_fence":9,"minecraft:white_carpet":17,"minecraft:diamond_block":4,"minecraft:glass":200,"minecraft:diamond_helmet":1,"minecraft:diamond_leggings":2,"minecraft:iron_boots":1,"minecraft:diamond_boots":1,"minecraft:birch_door":6,"minecraft:oak_fence":20,"minecraft:golden_helmet":1,"minecraft:cooked_beef":37,"minecraft:oak_slab":6,"minecraft:wooden_shovel":1,"minecraft:diamond_sword":3,"minecraft:cooked_porkchop":3,"minecraft:crafting_table":1,"minecraft:spruce_planks":28,"minecraft:iron_helmet":1,"minecraft:baked_potato":93,"minecraft:cooked_salmon":9,"minecraft:golden_shovel":1,"minecraft:birch_planks":56,"minecraft:stone_axe":1,"minecraft:bread":3,"minecraft:air":0,"minecraft:oak_boat":2,"minecraft:iron_chestplate":1,"minecraft:diamond_pickaxe":3,"minecraft:gold_nugget":162,"minecraft:stick":52,"minecraft:iron_ingot":63,"minecraft:iron_leggings":2,"minecraft:iron_shovel":2,"minecraft:gold_ingot":44,"minecraft:white_bed":2,"minecraft:shears":1,"minecraft:diamond_chestplate":2},"minecraft:mined":{"minecraft:nether_gold_ore":23,"minecraft:tuff":43,"minecraft:white_bed":5,"minecraft:deepslate_diamond_ore":34,"minecraft:glow_lichen":1,"minecraft:granite":27,"minecraft:grass_block":424,"minecraft:soul_soil":9,"minecraft:oxeye_daisy":2,"minecraft:sandstone":8,"minecraft:tall_seagrass":1,"minecraft:carrots":23,"minecraft:iron_ore":9,"minecraft:fire":4,"minecraft:cobbled_deepslate":69,"minecraft:snow":9,"minecraft:andesite":18,"minecraft:azure_bluet":1,"minecraft:red_tulip":1,"minecraft:oak_sign":1,"minecraft:deepslate_iron_ore":13,"minecraft:stone":165,"minecraft:bone_block":1,"minecraft:white_wool":1,"minecraft:deepslate_redstone_ore":18,"minecraft:oak_slab":4,"minecraft:snow_block":50,"minecraft:dandelion":2,"minecraft:powder_snow":9,"minecraft:clay":1,"minecraft:oak_fence":8,"minecraft:cornflower":1,"minecraft:crafting_table":2,"minecraft:torch":6,"minecraft:nether_quartz_ore":16,"minecraft:copper_ore":7,"minecraft:tall_grass":17,"minecraft:glass":5,"minecraft:cobblestone":38,"minecraft:deepslate_gold_ore":20,"minecraft:oak_planks":6,"minecraft:diorite":5,"minecraft:wall_torch":23,"minecraft:seagrass":2,"minecraft:white_terracotta":109,"minecraft:birch_planks":4,"minecraft:coarse_dirt":9,"minecraft:birch_log":15,"minecraft:wheat":1,"minecraft:spruce_log":7,"minecraft:grass":106,"minecraft:coal_ore":24,"minecraft:oak_log":1,"minecraft:sunflower":12,"minecraft:gravel":7,"minecraft:sand":105,"minecraft:dirt":41,"minecraft:netherrack":143,"minecraft:deepslate":291},"minecraft:killed":{"minecraft:zombified_piglin":2,"minecraft:spider":11,"minecraft:zombie_horse":1,"minecraft:skeleton":10,"minecraft:bee":1,"minecraft:chicken":5,"minecraft:drowned":3,"minecraft:wolf":1,"minecraft:magma_cube":12,"minecraft:pig":24,"minecraft:zombie_villager":1,"minecraft:creeper":1,"minecraft:zombie":30,"minecraft:player":6,"minecraft:villager":1,"minecraft:cow":21},"minecraft:killed_by":{"minecraft:player":3,"minecraft:zombified_piglin":1,"minecraft:enderman":1,"minecraft:skeleton":4,"minecraft:zombie":2},"minecraft:picked_up":{"minecraft:crafting_table":2,"minecraft:coarse_dirt":8,"minecraft:wheat":3,"minecraft:azure_bluet":2,"minecraft:chicken":3,"minecraft:brown_mushroom":2,"minecraft:lead":19,"minecraft:diamond_sword":5,"minecraft:potion":1,"minecraft:nether_brick":4,"minecraft:cornflower":1,"minecraft:string":10,"minecraft:soul_soil":11,"minecraft:raw_copper":25,"minecraft:iron_axe":1,"minecraft:oak_sign":1,"minecraft:gold_nugget":98,"minecraft:cobbled_deepslate":443,"minecraft:beef":43,"minecraft:oak_boat":7,"minecraft:poppy":1,"minecraft:chest":5,"minecraft:iron_boots":1,"minecraft:egg":8,"minecraft:raw_iron":23,"minecraft:sandstone":8,"minecraft:copper_ingot":1,"minecraft:oak_fence":14,"minecraft:torch":35,"minecraft:fire_charge":2,"minecraft:porkchop":43,"minecraft:diorite":5,"minecraft:carrot":43,"minecraft:redstone":68,"minecraft:quartz_block":1,"minecraft:arrow":19,"minecraft:rotten_flesh":35,"minecraft:red_tulip":1,"minecraft:gold_ingot":14,"minecraft:white_terracotta":156,"minecraft:obsidian":3,"minecraft:bone_block":1,"minecraft:snowball":209,"minecraft:white_wool":30,"minecraft:cobblestone":199,"minecraft:oxeye_daisy":5,"minecraft:birch_log":17,"minecraft:feather":1,"minecraft:cooked_beef":4,"minecraft:golden_carrot":4,"minecraft:water_bucket":5,"minecraft:andesite":15,"minecraft:brown_wool":13,"minecraft:leather":15,"minecraft:birch_planks":4,"minecraft:flint":1,"minecraft:tuff":23,"minecraft:oak_log":1,"minecraft:gunpowder":4,"minecraft:dirt":537,"minecraft:bone":10,"minecraft:bow":2,"minecraft:wheat_seeds":14,"minecraft:raw_gold":18,"minecraft:iron_sword":2,"minecraft:oak_planks":6,"minecraft:oak_slab":5,"travelersbackpack:squid":2,"minecraft:quartz":54,"minecraft:dandelion":3,"minecraft:gravel":21,"minecraft:sand":120,"minecraft:spruce_sapling":1,"minecraft:white_bed":4,"minecraft:spruce_log":7,"minecraft:crying_obsidian":5,"minecraft:spider_eye":3,"minecraft:mossy_cobblestone":6,"travelersbackpack:standard":1,"minecraft:diamond":89,"minecraft:iron_helmet":1,"minecraft:granite":27,"minecraft:gray_wool":1,"minecraft:terracotta":2,"minecraft:baked_potato":5,"minecraft:netherrack":131,"minecraft:coal":22,"minecraft:sunflower":11,"minecraft:diamond_pickaxe":3}},"DataVersion":3465}