{"stats":{"minecraft:custom":{"minecraft:interact_with_smithing_table":1,"minecraft:interact_with_anvil":1,"minecraft:mob_kills":59,"minecraft:animals_bred":1,"minecraft:interact_with_crafting_table":34,"minecraft:leave_game":1,"minecraft:time_since_death":11612,"minecraft:sprint_one_cm":583043,"minecraft:walk_one_cm":661800,"minecraft:damage_blocked_by_shield":1320,"minecraft:drop":233,"minecraft:talked_to_villager":22,"minecraft:play_time":253132,"minecraft:deaths":10,"minecraft:sneak_time":10725,"minecraft:walk_under_water_one_cm":96387,"minecraft:jump":4972,"minecraft:interact_with_blast_furnace":6,"minecraft:walk_on_water_one_cm":81360,"minecraft:total_world_time":253132,"minecraft:interact_with_furnace":15,"minecraft:interact_with_stonecutter":3,"minecraft:sleep_in_bed":11,"minecraft:time_since_rest":11643,"minecraft:damage_taken":5831,"minecraft:damage_dealt":11571,"minecraft:swim_one_cm":310485,"minecraft:fly_one_cm":1105264,"minecraft:player_kills":6,"minecraft:open_chest":89,"minecraft:crouch_one_cm":30297,"minecraft:interact_with_smoker":8,"minecraft:fall_one_cm":119321},"minecraft:used":{"minecraft:oak_fence":22,"minecraft:iron_shovel":492,"minecraft:chest":4,"minecraft:shield":15,"minecraft:white_terracotta":78,"minecraft:rotten_flesh":8,"minecraft:iron_chestplate":1,"minecraft:torch":13,"minecraft:dirt":41,"minecraft:carrot":13,"minecraft:golden_shovel":36,"minecraft:iron_helmet":1,"minecraft:iron_boots":1,"minecraft:golden_carrot":14,"minecraft:beef":7,"minecraft:egg":8,"minecraft:cooked_beef":10,"minecraft:cobbled_deepslate":622,"minecraft:iron_leggings":1,"minecraft:wheat_seeds":1,"minecraft:water_bucket":21,"minecraft:diorite":1,"minecraft:oak_planks":94,"minecraft:baked_potato":5,"minecraft:sandstone":8,"minecraft:oak_slab":10,"minecraft:white_bed":2,"minecraft:diamond_pickaxe":812,"minecraft:sunflower":2,"minecraft:chicken":3,"minecraft:diamond_sword":254,"minecraft:cobblestone":48,"travelersbackpack:standard":5,"minecraft:porkchop":7,"minecraft:andesite":5,"minecraft:birch_log":2,"minecraft:bucket":21,"minecraft:yellow_bed":1,"minecraft:coarse_dirt":8},"minecraft:dropped":{"minecraft:water_bucket":4,"minecraft:wheat_seeds":2,"minecraft:cooked_beef":4,"minecraft:diamond":10,"minecraft:feather":1,"minecraft:lead":2,"minecraft:leather":8,"minecraft:stick":1,"minecraft:oxeye_daisy":2,"minecraft:dirt":3,"minecraft:golden_carrot":10,"minecraft:torch":1,"minecraft:cornflower":1,"minecraft:sunflower":4,"minecraft:sand":202,"minecraft:dandelion":1,"minecraft:cobbled_deepslate":166,"minecraft:rotten_flesh":3,"minecraft:azure_bluet":2,"minecraft:carrot":1,"minecraft:diamond_sword":3,"minecraft:diamond_pickaxe":1,"minecraft:spider_eye":1,"minecraft:red_tulip":1},"minecraft:broken":{"minecraft:iron_shovel":1,"minecraft:golden_shovel":1},"minecraft:crafted":{"minecraft:golden_carrot":20,"minecraft:oak_planks":172,"minecraft:iron_boots":1,"minecraft:oak_fence":17,"minecraft:cooked_beef":10,"minecraft:oak_slab":6,"minecraft:diamond_sword":1,"minecraft:baked_potato":1,"minecraft:iron_helmet":1,"minecraft:golden_shovel":1,"minecraft:air":0,"minecraft:iron_chestplate":1,"minecraft:diamond_pickaxe":1,"minecraft:gold_nugget":162,"minecraft:stick":32,"minecraft:iron_ingot":23,"minecraft:iron_shovel":2,"minecraft:iron_leggings":2,"minecraft:gold_ingot":34},"minecraft:mined":{"minecraft:tuff":43,"minecraft:white_bed":3,"minecraft:deepslate_diamond_ore":34,"minecraft:glow_lichen":1,"minecraft:granite":27,"minecraft:grass_block":422,"minecraft:sandstone":8,"minecraft:oxeye_daisy":1,"minecraft:tall_seagrass":1,"minecraft:carrots":23,"minecraft:iron_ore":9,"minecraft:cobbled_deepslate":51,"minecraft:andesite":18,"minecraft:azure_bluet":1,"minecraft:red_tulip":1,"minecraft:deepslate_iron_ore":13,"minecraft:stone":165,"minecraft:deepslate_redstone_ore":18,"minecraft:oak_slab":4,"minecraft:dandelion":1,"minecraft:oak_fence":8,"minecraft:clay":1,"minecraft:cornflower":1,"minecraft:torch":4,"minecraft:copper_ore":7,"minecraft:tall_grass":17,"minecraft:cobblestone":14,"minecraft:deepslate_gold_ore":20,"minecraft:oak_planks":6,"minecraft:diorite":5,"minecraft:wall_torch":8,"minecraft:white_terracotta":31,"minecraft:coarse_dirt":9,"minecraft:birch_log":1,"minecraft:wheat":1,"minecraft:grass":106,"minecraft:coal_ore":24,"minecraft:sunflower":12,"minecraft:gravel":7,"minecraft:sand":10,"minecraft:dirt":34,"minecraft:deepslate":291},"minecraft:killed":{"minecraft:zombified_piglin":1,"minecraft:spider":5,"minecraft:skeleton":8,"minecraft:chicken":5,"minecraft:drowned":1,"minecraft:pig":3,"minecraft:zombie_villager":1,"minecraft:zombie":24,"minecraft:player":6,"minecraft:villager":1,"minecraft:cow":9},"minecraft:killed_by":{"minecraft:player":2,"minecraft:skeleton":3,"minecraft:zombie":1},"minecraft:picked_up":{"minecraft:coarse_dirt":8,"minecraft:azure_bluet":2,"minecraft:chicken":3,"minecraft:lead":19,"minecraft:diamond_sword":3,"minecraft:cornflower":1,"minecraft:string":2,"minecraft:iron_axe":1,"minecraft:raw_copper":25,"minecraft:cobbled_deepslate":431,"minecraft:beef":16,"minecraft:chest":5,"minecraft:egg":8,"minecraft:sandstone":8,"minecraft:raw_iron":23,"minecraft:copper_ingot":1,"minecraft:oak_fence":14,"minecraft:torch":14,"minecraft:porkchop":7,"minecraft:diorite":5,"minecraft:carrot":42,"minecraft:redstone":68,"minecraft:rotten_flesh":26,"minecraft:arrow":5,"minecraft:red_tulip":1,"minecraft:white_terracotta":78,"minecraft:cobblestone":157,"minecraft:oxeye_daisy":2,"minecraft:birch_log":3,"minecraft:feather":1,"minecraft:cooked_beef":4,"minecraft:golden_carrot":4,"minecraft:water_bucket":5,"minecraft:andesite":15,"minecraft:leather":8,"minecraft:flint":1,"minecraft:tuff":23,"minecraft:dirt":497,"minecraft:bone":10,"minecraft:bow":2,"minecraft:wheat_seeds":13,"minecraft:raw_gold":18,"minecraft:oak_planks":6,"minecraft:oak_slab":5,"minecraft:dandelion":1,"minecraft:gravel":6,"minecraft:sand":19,"minecraft:white_bed":2,"minecraft:spider_eye":2,"minecraft:mossy_cobblestone":6,"travelersbackpack:standard":1,"minecraft:diamond":89,"minecraft:granite":27,"minecraft:gray_wool":1,"minecraft:terracotta":2,"minecraft:baked_potato":4,"minecraft:coal":22,"minecraft:sunflower":10,"minecraft:diamond_pickaxe":2}},"DataVersion":3465}