{"stats":{"minecraft:custom":{"minecraft:time_since_rest":36323,"minecraft:sprint_one_cm":88180,"minecraft:damage_taken":818,"minecraft:walk_one_cm":51414,"minecraft:mob_kills":12,"minecraft:drop":4,"minecraft:damage_dealt":1715,"minecraft:swim_one_cm":99104,"minecraft:interact_with_crafting_table":6,"minecraft:fly_one_cm":152200,"minecraft:open_chest":14,"minecraft:crouch_one_cm":971,"minecraft:play_time":52243,"minecraft:deaths":2,"minecraft:sneak_time":226,"minecraft:walk_under_water_one_cm":15094,"minecraft:jump":694,"minecraft:interact_with_stonecutter":1,"minecraft:walk_on_water_one_cm":17247,"minecraft:time_since_death":36295,"minecraft:total_world_time":52243,"minecraft:fall_one_cm":19001},"minecraft:killed":{"minecraft:zombie":1,"minecraft:pig":1,"minecraft:chicken":1,"minecraft:cow":9},"minecraft:crafted":{"minecraft:oak_planks":128,"minecraft:diamond_sword":1,"minecraft:iron_boots":1,"minecraft:iron_chestplate":1,"minecraft:diamond_pickaxe":1,"minecraft:stick":32,"minecraft:iron_helmet":1,"minecraft:iron_leggings":2},"minecraft:picked_up":{"minecraft:coarse_dirt":8,"minecraft:chicken":1,"minecraft:golden_carrot":4,"minecraft:leather":8,"minecraft:diamond_sword":1,"minecraft:porkchop":3,"minecraft:rotten_flesh":1,"minecraft:wheat_seeds":2,"minecraft:beef":16,"minecraft:sunflower":10,"minecraft:egg":2},"minecraft:dropped":{"minecraft:diamond_sword":1,"minecraft:wheat_seeds":2,"minecraft:rotten_flesh":1},"minecraft:mined":{"minecraft:coarse_dirt":9,"minecraft:grass":15,"minecraft:sunflower":11},"minecraft:used":{"minecraft:diamond_pickaxe":6,"minecraft:sunflower":2,"minecraft:chicken":1,"minecraft:iron_helmet":1,"minecraft:iron_boots":1,"minecraft:iron_chestplate":1,"minecraft:diamond_sword":41,"minecraft:golden_carrot":2,"minecraft:beef":7,"minecraft:porkchop":3,"minecraft:egg":1,"minecraft:coarse_dirt":8,"minecraft:iron_leggings":1},"minecraft:killed_by":{"minecraft:skeleton":1,"minecraft:zombie":1}},"DataVersion":3465}