{"stats":{"minecraft:custom":{"minecraft:interact_with_furnace":3,"minecraft:mob_kills":22,"minecraft:animals_bred":1,"minecraft:interact_with_crafting_table":10,"minecraft:interact_with_stonecutter":2,"minecraft:time_since_death":72295,"minecraft:sleep_in_bed":1,"minecraft:time_since_rest":17886,"minecraft:sprint_one_cm":244873,"minecraft:damage_taken":1190,"minecraft:walk_one_cm":203879,"minecraft:damage_blocked_by_shield":30,"minecraft:drop":34,"minecraft:damage_dealt":3300,"minecraft:swim_one_cm":109911,"minecraft:fly_one_cm":290633,"minecraft:open_chest":33,"minecraft:crouch_one_cm":9984,"minecraft:play_time":88243,"minecraft:deaths":2,"minecraft:sneak_time":2564,"minecraft:walk_under_water_one_cm":20950,"minecraft:jump":1416,"minecraft:walk_on_water_one_cm":28991,"minecraft:total_world_time":88243,"minecraft:interact_with_smoker":3,"minecraft:fall_one_cm":32063},"minecraft:killed":{"minecraft:pig":1,"minecraft:spider":2,"minecraft:skeleton":1,"minecraft:zombie":6,"minecraft:chicken":3,"minecraft:cow":9},"minecraft:crafted":{"minecraft:cooked_beef":9,"minecraft:oak_planks":128,"minecraft:diamond_sword":1,"minecraft:iron_helmet":1,"minecraft:air":0,"minecraft:iron_chestplate":1,"minecraft:iron_boots":1,"minecraft:diamond_pickaxe":1,"minecraft:stick":32,"minecraft:iron_leggings":2,"minecraft:oak_fence":17},"minecraft:picked_up":{"minecraft:birch_log":1,"minecraft:coarse_dirt":8,"minecraft:azure_bluet":2,"minecraft:chicken":2,"minecraft:golden_carrot":4,"minecraft:leather":8,"minecraft:lead":16,"minecraft:diamond_sword":1,"minecraft:cornflower":1,"minecraft:dirt":24,"minecraft:bone":2,"minecraft:wheat_seeds":2,"minecraft:beef":16,"minecraft:oak_planks":1,"minecraft:egg":6,"minecraft:oak_fence":14,"minecraft:dandelion":1,"minecraft:porkchop":3,"minecraft:arrow":2,"minecraft:rotten_flesh":7,"minecraft:red_tulip":1,"minecraft:sunflower":10},"minecraft:dropped":{"minecraft:wheat_seeds":2,"minecraft:diamond":9,"minecraft:rotten_flesh":1,"minecraft:leather":8,"minecraft:azure_bluet":2,"minecraft:stick":1,"minecraft:diamond_sword":1,"minecraft:dirt":3,"minecraft:cornflower":1,"minecraft:sunflower":4,"minecraft:red_tulip":1,"minecraft:dandelion":1},"minecraft:mined":{"minecraft:dandelion":1,"minecraft:oak_fence":8,"minecraft:cornflower":1,"minecraft:grass_block":2,"minecraft:oak_planks":1,"minecraft:coarse_dirt":9,"minecraft:azure_bluet":1,"minecraft:grass":15,"minecraft:red_tulip":1,"minecraft:sunflower":11,"minecraft:dirt":2},"minecraft:used":{"minecraft:oak_fence":22,"minecraft:oak_planks":89,"minecraft:shield":1,"minecraft:iron_chestplate":1,"minecraft:dirt":21,"minecraft:diamond_pickaxe":6,"minecraft:sunflower":2,"minecraft:chicken":2,"minecraft:iron_helmet":1,"minecraft:iron_boots":1,"minecraft:diamond_sword":71,"minecraft:golden_carrot":3,"minecraft:beef":7,"minecraft:porkchop":3,"minecraft:egg":4,"minecraft:cooked_beef":5,"minecraft:coarse_dirt":8,"minecraft:iron_leggings":1},"minecraft:killed_by":{"minecraft:skeleton":1,"minecraft:zombie":1}},"DataVersion":3465}