{"stats":{"minecraft:broken":{"minecraft:iron_shovel":2,"minecraft:wooden_shovel":1,"minecraft:golden_shovel":1,"minecraft:shield":1,"minecraft:wooden_hoe":1},"minecraft:killed":{"minecraft:zombified_piglin":2,"minecraft:spider":15,"minecraft:zombie_horse":1,"minecraft:pufferfish":1,"minecraft:skeleton":18,"minecraft:bee":1,"minecraft:chicken":9,"minecraft:wolf":1,"minecraft:magma_cube":12,"minecraft:pig":26,"minecraft:zombie_villager":1,"minecraft:creeper":3,"minecraft:sheep":1,"minecraft:zombie":49,"minecraft:cow":27,"minecraft:panda":1,"minecraft:drowned":5,"minecraft:squid":1,"minecraft:player":7,"minecraft:villager":1,"minecraft:enderman":2},"minecraft:mined":{"minecraft:white_bed":5,"minecraft:farmland":9,"minecraft:granite":27,"minecraft:grass_block":519,"minecraft:soul_soil":9,"minecraft:oxeye_daisy":2,"minecraft:tall_seagrass":1,"minecraft:iron_ore":9,"minecraft:cobbled_deepslate":69,"minecraft:fire":4,"minecraft:pumpkin":7,"minecraft:azure_bluet":1,"minecraft:red_tulip":1,"minecraft:oak_sign":2,"minecraft:dirt_path":1,"minecraft:deepslate_redstone_ore":18,"minecraft:powder_snow":36,"minecraft:clay":1,"minecraft:torch":6,"minecraft:poppy":1,"minecraft:glass":25,"minecraft:nether_quartz_ore":16,"minecraft:cobblestone":102,"minecraft:oak_planks":10,"minecraft:wall_torch":27,"minecraft:seagrass":2,"minecraft:white_terracotta":109,"minecraft:birch_log":15,"minecraft:wheat":30,"minecraft:grass":217,"minecraft:oak_log":29,"minecraft:sand":108,"minecraft:dirt":85,"minecraft:netherrack":143,"minecraft:oak_leaves":3,"minecraft:deepslate":291,"minecraft:nether_gold_ore":23,"minecraft:tuff":43,"minecraft:deepslate_diamond_ore":34,"minecraft:glow_lichen":1,"minecraft:potted_bamboo":2,"minecraft:sandstone":8,"minecraft:furnace":1,"minecraft:carrots":35,"minecraft:snow":9,"minecraft:andesite":18,"minecraft:deepslate_iron_ore":13,"minecraft:bamboo_sapling":7,"minecraft:bamboo":75,"minecraft:stone":165,"minecraft:bone_block":1,"minecraft:white_wool":7,"minecraft:oak_slab":4,"minecraft:snow_block":50,"minecraft:dandelion":2,"minecraft:oak_fence":8,"minecraft:crafting_table":2,"minecraft:cornflower":1,"minecraft:rose_bush":3,"minecraft:tall_grass":39,"minecraft:copper_ore":7,"minecraft:deepslate_gold_ore":20,"minecraft:diorite":5,"minecraft:birch_planks":4,"minecraft:coarse_dirt":9,"minecraft:white_carpet":1,"minecraft:spruce_log":7,"minecraft:yellow_bed":6,"minecraft:coal_ore":24,"minecraft:sunflower":12,"minecraft:gravel":7,"minecraft:fern":5},"minecraft:picked_up":{"minecraft:wheat":18,"minecraft:flower_pot":2,"minecraft:lead":19,"minecraft:diamond_sword":5,"minecraft:potion":1,"minecraft:nether_brick":4,"minecraft:string":13,"minecraft:soul_soil":11,"minecraft:raw_copper":25,"minecraft:pufferfish":1,"minecraft:oak_sign":2,"minecraft:gold_nugget":98,"minecraft:cobbled_deepslate":443,"minecraft:rose_bush":3,"minecraft:written_book":1,"minecraft:iron_boots":1,"minecraft:furnace":1,"minecraft:dark_oak_door":2,"minecraft:oak_fence":15,"minecraft:torch":40,"minecraft:porkchop":46,"minecraft:diorite":5,"minecraft:golden_chestplate":1,"minecraft:quartz_block":1,"minecraft:rotten_flesh":51,"minecraft:red_tulip":1,"minecraft:white_terracotta":156,"minecraft:obsidian":3,"minecraft:snowball":209,"minecraft:cobblestone":263,"minecraft:birch_log":17,"minecraft:feather":4,"minecraft:cooked_beef":4,"minecraft:water_bucket":5,"minecraft:andesite":15,"minecraft:brown_wool":13,"minecraft:flint":1,"minecraft:tuff":23,"minecraft:dirt":735,"minecraft:glass":19,"minecraft:bone":14,"minecraft:bow":2,"minecraft:wheat_seeds":91,"minecraft:raw_gold":18,"minecraft:bamboo":700,"minecraft:oak_planks":10,"travelersbackpack:squid":2,"minecraft:sand":208,"minecraft:ink_sac":3,"minecraft:loom":2,"minecraft:grass_block":2,"minecraft:red_terracotta":3,"minecraft:mossy_cobblestone":6,"minecraft:diamond":89,"minecraft:writable_book":1,"minecraft:granite":27,"minecraft:grass":4,"minecraft:netherrack":131,"minecraft:oak_leaves":2,"minecraft:diamond_pickaxe":3,"minecraft:crafting_table":2,"minecraft:coarse_dirt":8,"minecraft:azure_bluet":3,"minecraft:chicken":6,"minecraft:brown_mushroom":2,"minecraft:cornflower":2,"minecraft:oak_trapdoor":1,"minecraft:iron_axe":1,"minecraft:white_carpet":2,"minecraft:beef":56,"minecraft:oak_boat":16,"minecraft:poppy":5,"minecraft:chest":5,"minecraft:egg":8,"minecraft:raw_iron":23,"minecraft:sandstone":8,"minecraft:copper_ingot":1,"minecraft:fire_charge":2,"minecraft:carrot":73,"minecraft:redstone":68,"minecraft:arrow":37,"minecraft:peony":1,"minecraft:hay_block":27,"minecraft:gold_ingot":14,"minecraft:mutton":2,"minecraft:white_wool":103,"minecraft:bone_block":1,"minecraft:oxeye_daisy":6,"minecraft:golden_carrot":4,"minecraft:leather":22,"minecraft:birch_planks":4,"minecraft:oak_log":29,"minecraft:yellow_bed":7,"minecraft:gunpowder":5,"minecraft:iron_ingot":1,"minecraft:iron_sword":2,"minecraft:oak_slab":5,"minecraft:pumpkin":7,"minecraft:quartz":54,"minecraft:dandelion":22,"minecraft:gravel":24,"minecraft:spruce_sapling":1,"minecraft:white_bed":4,"minecraft:spruce_log":7,"minecraft:crying_obsidian":5,"minecraft:spider_eye":5,"travelersbackpack:standard":1,"minecraft:iron_helmet":1,"minecraft:gray_wool":1,"minecraft:terracotta":2,"minecraft:baked_potato":5,"minecraft:coal":22,"minecraft:sunflower":12},"minecraft:custom":{"minecraft:animals_bred":19,"minecraft:interact_with_crafting_table":102,"minecraft:open_barrel":86,"minecraft:bell_ring":23,"minecraft:leave_game":12,"minecraft:time_since_death":67170,"minecraft:sprint_one_cm":1374063,"minecraft:damage_blocked_by_shield":3075,"minecraft:drop":466,"minecraft:talked_to_villager":22,"minecraft:play_time":701016,"minecraft:deaths":18,"minecraft:jump":12783,"minecraft:walk_on_water_one_cm":169710,"minecraft:interact_with_furnace":114,"minecraft:interact_with_loom":4,"minecraft:sleep_in_bed":27,"minecraft:damage_dealt":28421,"minecraft:player_kills":7,"minecraft:crouch_one_cm":105975,"minecraft:interact_with_smoker":14,"minecraft:interact_with_smithing_table":3,"minecraft:mob_kills":179,"minecraft:interact_with_anvil":7,"minecraft:climb_one_cm":9389,"minecraft:walk_one_cm":1625173,"minecraft:sneak_time":33016,"minecraft:walk_under_water_one_cm":187556,"minecraft:boat_one_cm":1166651,"minecraft:interact_with_blast_furnace":9,"minecraft:total_world_time":701016,"minecraft:pot_flower":2,"minecraft:interact_with_grindstone":2,"minecraft:interact_with_stonecutter":4,"minecraft:time_since_rest":67201,"minecraft:damage_taken":12433,"minecraft:swim_one_cm":774323,"minecraft:fly_one_cm":2991140,"minecraft:open_chest":250,"minecraft:fall_one_cm":268655},"minecraft:crafted":{"minecraft:oak_planks":344,"minecraft:oak_sign":6,"minecraft:cooked_mutton":2,"minecraft:glass":288,"minecraft:diamond_helmet":1,"minecraft:diamond_leggings":2,"minecraft:iron_boots":1,"minecraft:chest":3,"minecraft:birch_door":6,"minecraft:oak_fence":20,"minecraft:oak_slab":6,"minecraft:wooden_shovel":3,"minecraft:cooked_porkchop":18,"minecraft:crafting_table":1,"minecraft:spruce_planks":28,"minecraft:iron_helmet":1,"minecraft:baked_potato":93,"minecraft:birch_planks":56,"minecraft:wooden_hoe":2,"minecraft:iron_chestplate":1,"minecraft:diamond_pickaxe":3,"minecraft:stick":68,"minecraft:iron_ingot":63,"minecraft:gold_ingot":44,"minecraft:shears":1,"minecraft:golden_carrot":20,"minecraft:oak_door":3,"minecraft:furnace":3,"minecraft:spruce_fence":9,"minecraft:white_carpet":146,"minecraft:diamond_block":4,"minecraft:diamond_boots":1,"minecraft:golden_helmet":1,"minecraft:wheat":243,"minecraft:cooked_beef":39,"minecraft:diamond_sword":3,"minecraft:cooked_salmon":9,"minecraft:golden_shovel":1,"minecraft:stone_axe":1,"minecraft:bread":89,"minecraft:air":0,"minecraft:oak_boat":3,"minecraft:gold_nugget":162,"minecraft:iron_shovel":2,"minecraft:iron_leggings":2,"minecraft:white_bed":2,"minecraft:diamond_chestplate":2},"minecraft:dropped":{"minecraft:brown_mushroom":2,"minecraft:cooked_beef":23,"minecraft:baked_potato":65,"minecraft:diamond":10,"minecraft:cooked_porkchop":7,"minecraft:leather":8,"minecraft:dirt":21,"minecraft:grass":4,"minecraft:cornflower":2,"minecraft:writable_book":1,"minecraft:gold_nugget":8,"minecraft:sunflower":6,"minecraft:bone_block":1,"minecraft:sand":202,"minecraft:white_wool":1,"minecraft:bone":18,"minecraft:gold_ingot":34,"minecraft:golden_chestplate":1,"minecraft:cobbled_deepslate":166,"minecraft:rotten_flesh":28,"minecraft:azure_bluet":3,"minecraft:white_bed":1,"minecraft:carrot":1,"minecraft:poppy":4,"minecraft:arrow":28,"minecraft:glass":1,"minecraft:oak_leaves":2,"minecraft:water_bucket":4,"minecraft:bread":64,"minecraft:wheat_seeds":11,"travelersbackpack:squid":2,"minecraft:diamond_leggings":1,"minecraft:lead":2,"minecraft:feather":4,"minecraft:iron_helmet":1,"minecraft:cobblestone":80,"minecraft:copper_ingot":1,"minecraft:grass_block":1,"minecraft:stick":1,"minecraft:oxeye_daisy":4,"minecraft:golden_carrot":10,"minecraft:ink_sac":3,"minecraft:torch":1,"minecraft:cooked_salmon":9,"minecraft:diamond_helmet":1,"minecraft:fire_charge":1,"minecraft:string":11,"minecraft:spruce_sapling":1,"minecraft:dandelion":21,"minecraft:raw_copper":9,"minecraft:diamond_sword":7,"minecraft:shield":1,"minecraft:flower_pot":1,"minecraft:diamond_chestplate":1,"minecraft:peony":1,"minecraft:diamond_pickaxe":3,"minecraft:oak_boat":1,"minecraft:wooden_shovel":1,"minecraft:spider_eye":4,"minecraft:bamboo":71,"minecraft:diamond_boots":1,"minecraft:red_tulip":1},"minecraft:killed_by":{"minecraft:zombified_piglin":1,"minecraft:creeper":1,"minecraft:zombie":2,"minecraft:player":4,"minecraft:enderman":1,"minecraft:skeleton":4},"minecraft:used":{"minecraft:writable_book":1,"minecraft:iron_shovel":588,"minecraft:oak_sign":9,"minecraft:chest":7,"minecraft:shield":29,"minecraft:white_terracotta":141,"minecraft:rotten_flesh":8,"minecraft:iron_chestplate":2,"minecraft:carrot":34,"minecraft:snowball":48,"minecraft:glass":416,"minecraft:iron_helmet":3,"minecraft:written_book":1,"minecraft:oak_sapling":1,"minecraft:furnace":4,"minecraft:egg":8,"minecraft:potato":5,"minecraft:diorite":1,"minecraft:oak_planks":125,"minecraft:sandstone":8,"minecraft:white_wool":1,"minecraft:loom":2,"minecraft:shears":11,"minecraft:bread":12,"minecraft:red_terracotta":3,"minecraft:golden_helmet":1,"minecraft:diamond_sword":762,"minecraft:andesite":5,"minecraft:birch_log":2,"minecraft:oak_boat":18,"minecraft:coarse_dirt":8,"minecraft:oak_fence":24,"minecraft:rose_bush":1,"minecraft:wooden_shovel":148,"minecraft:netherrack":61,"minecraft:oak_door":2,"minecraft:torch":36,"minecraft:dirt":303,"minecraft:white_carpet":147,"minecraft:golden_shovel":36,"minecraft:spruce_fence":9,"minecraft:birch_door":4,"travelersbackpack:squid":4,"minecraft:iron_boots":1,"minecraft:bamboo":52,"minecraft:golden_carrot":14,"minecraft:beef":15,"minecraft:soul_soil":3,"minecraft:cooked_beef":18,"minecraft:cobbled_deepslate":705,"minecraft:iron_leggings":1,"minecraft:wheat_seeds":42,"minecraft:water_bucket":85,"minecraft:birch_planks":48,"minecraft:baked_potato":53,"minecraft:diamond_block":4,"minecraft:oak_slab":10,"minecraft:crafting_table":3,"minecraft:white_bed":5,"minecraft:dark_oak_door":2,"minecraft:wooden_hoe":84,"minecraft:flower_pot":1,"minecraft:diamond_pickaxe":1216,"minecraft:sunflower":2,"minecraft:chicken":3,"minecraft:stone_axe":96,"minecraft:cobblestone":453,"minecraft:potion":1,"travelersbackpack:standard":5,"minecraft:porkchop":8,"minecraft:cooked_porkchop":29,"minecraft:bucket":84,"minecraft:yellow_bed":8,"minecraft:dandelion":1}},"DataVersion":3465}