{"stats":{"minecraft:custom":{"minecraft:interact_with_furnace":13,"minecraft:mob_kills":17,"minecraft:interact_with_anvil":3,"minecraft:interact_with_crafting_table":16,"minecraft:open_barrel":10,"minecraft:interact_with_grindstone":1,"minecraft:time_since_death":56229,"minecraft:time_since_rest":56315,"minecraft:sprint_one_cm":175544,"minecraft:damage_taken":728,"minecraft:walk_one_cm":142095,"minecraft:damage_blocked_by_shield":2370,"minecraft:drop":2,"minecraft:damage_dealt":2424,"minecraft:swim_one_cm":33532,"minecraft:fly_one_cm":192781,"minecraft:open_chest":25,"minecraft:crouch_one_cm":24141,"minecraft:play_time":65002,"minecraft:deaths":1,"minecraft:sneak_time":5963,"minecraft:walk_under_water_one_cm":40255,"minecraft:boat_one_cm":48323,"minecraft:jump":864,"minecraft:walk_on_water_one_cm":9340,"minecraft:total_world_time":65002,"minecraft:interact_with_smoker":2,"minecraft:fall_one_cm":19590,"minecraft:horse_one_cm":1052},"minecraft:dropped":{"minecraft:iron_sword":1,"minecraft:diamond_sword":1},"minecraft:used":{"minecraft:cooked_mutton":3,"minecraft:stone_pickaxe":120,"minecraft:baked_potato":5,"minecraft:oak_planks":9,"minecraft:chest":2,"minecraft:shield":30,"minecraft:iron_sword":52,"minecraft:oak_door":1,"minecraft:white_wool":1,"minecraft:torch":9,"minecraft:dirt":1,"minecraft:crafting_table":1,"minecraft:white_bed":1,"minecraft:oak_log":1,"minecraft:iron_pickaxe":94,"minecraft:stone_axe":55,"minecraft:cobblestone":350,"minecraft:furnace":1,"minecraft:cooked_beef":3},"minecraft:broken":{"minecraft:shield":1},"minecraft:crafted":{"minecraft:cooked_beef":11,"minecraft:oak_planks":12,"minecraft:crafting_table":1,"minecraft:baked_potato":46,"minecraft:iron_sword":1,"minecraft:furnace":1,"minecraft:stone_axe":1,"minecraft:cooked_mutton":2,"minecraft:glass":97,"minecraft:iron_boots":1,"minecraft:iron_axe":1,"minecraft:iron_pickaxe":1,"minecraft:stone_pickaxe":1,"minecraft:chest":1,"minecraft:iron_leggings":1,"minecraft:diamond_chestplate":1},"minecraft:mined":{"minecraft:white_bed":1,"minecraft:oak_door":2,"minecraft:cobblestone_stairs":3,"minecraft:oak_fence":1,"minecraft:torch":20,"minecraft:grass_block":9,"minecraft:glass":1,"minecraft:tall_grass":37,"minecraft:cobblestone":55,"minecraft:oak_planks":4,"minecraft:bricks":2,"minecraft:wall_torch":4,"minecraft:smooth_stone":8,"minecraft:wheat":12,"minecraft:andesite":55,"minecraft:smooth_stone_slab":1,"minecraft:grass":170,"minecraft:potted_dandelion":1,"minecraft:oak_log":26,"minecraft:oak_stairs":4,"minecraft:dirt":2,"minecraft:stone":87,"minecraft:white_wool":1,"minecraft:oak_leaves":4},"minecraft:killed":{"minecraft:spider":1,"minecraft:sheep":1,"minecraft:skeleton":3,"minecraft:zombie":3,"minecraft:chicken":2,"minecraft:drowned":1,"minecraft:cow":6},"minecraft:killed_by":{"minecraft:drowned":1},"minecraft:picked_up":{"minecraft:wheat":10,"minecraft:feather":3,"minecraft:chicken":2,"minecraft:flower_pot":1,"minecraft:andesite":55,"minecraft:leather":10,"minecraft:diamond_sword":2,"minecraft:oak_stairs":4,"minecraft:oak_log":27,"minecraft:cobblestone_stairs":3,"minecraft:string":4,"minecraft:dirt":10,"minecraft:smooth_stone_slab":2,"minecraft:cooked_mutton":13,"minecraft:bone":3,"minecraft:apple":1,"minecraft:wheat_seeds":48,"minecraft:smooth_stone":8,"minecraft:beef":11,"minecraft:iron_ingot":46,"minecraft:iron_sword":1,"minecraft:oak_planks":20,"minecraft:stick":33,"minecraft:oak_door":2,"minecraft:torch":21,"minecraft:dandelion":1,"minecraft:white_bed":1,"minecraft:spider_eye":1,"minecraft:arrow":1,"minecraft:rotten_flesh":4,"minecraft:diamond":8,"minecraft:gold_ingot":8,"minecraft:bricks":2,"minecraft:mutton":2,"minecraft:coal":16,"minecraft:white_wool":2,"minecraft:cobblestone":138}},"DataVersion":3465}