{"stats":{"minecraft:killed":{"minecraft:zombified_piglin":1,"minecraft:spider":1,"minecraft:skeleton":4,"minecraft:chicken":2,"minecraft:drowned":1,"minecraft:zombie_villager":1,"minecraft:sheep":1,"minecraft:zombie":7,"minecraft:player":1,"minecraft:cow":7},"minecraft:broken":{"minecraft:golden_helmet":1,"minecraft:shield":1},"minecraft:mined":{"minecraft:white_bed":1,"minecraft:oak_door":8,"minecraft:cobblestone_stairs":8,"minecraft:glow_lichen":2,"minecraft:grass_block":24,"minecraft:smooth_stone":8,"minecraft:magma_block":3,"minecraft:iron_ore":3,"minecraft:andesite":63,"minecraft:potted_dandelion":1,"minecraft:oak_stairs":4,"minecraft:stone":162,"minecraft:white_wool":1,"minecraft:dandelion":1,"minecraft:oak_fence":1,"minecraft:torch":22,"minecraft:poppy":1,"minecraft:tall_grass":37,"minecraft:glass":1,"minecraft:copper_ore":14,"minecraft:cobblestone":82,"minecraft:oak_planks":9,"minecraft:bricks":3,"minecraft:iron_door":1,"minecraft:wall_torch":10,"minecraft:wheat":12,"minecraft:smooth_stone_slab":1,"minecraft:grass":175,"minecraft:coal_ore":7,"minecraft:oak_log":26,"minecraft:gravel":6,"minecraft:sand":2,"minecraft:dirt":16,"minecraft:oak_button":1,"minecraft:oak_leaves":4},"minecraft:used":{"minecraft:oak_sign":3,"minecraft:chest":2,"minecraft:shield":60,"minecraft:iron_sword":147,"minecraft:cooked_chicken":2,"minecraft:oak_door":6,"minecraft:torch":20,"minecraft:dirt":68,"minecraft:spyglass":9,"minecraft:bricks":3,"minecraft:iron_helmet":1,"minecraft:magma_block":2,"minecraft:furnace":1,"minecraft:cooked_beef":11,"minecraft:enchanted_golden_apple":4,"minecraft:cooked_mutton":8,"minecraft:water_bucket":7,"minecraft:cobblestone_stairs":5,"minecraft:stone_pickaxe":120,"minecraft:baked_potato":5,"minecraft:oak_planks":17,"minecraft:white_wool":1,"minecraft:sand":6,"minecraft:crafting_table":1,"minecraft:white_bed":1,"minecraft:oak_log":1,"minecraft:diamond_shovel":24,"minecraft:oak_button":4,"minecraft:iron_pickaxe":242,"minecraft:iron_door":3,"minecraft:stone_axe":73,"minecraft:cobblestone":401,"minecraft:bucket":7,"minecraft:andesite":45},"minecraft:crafted":{"minecraft:oak_planks":12,"minecraft:oak_sign":3,"minecraft:cooked_chicken":2,"minecraft:furnace":1,"minecraft:cooked_mutton":2,"minecraft:glass":97,"minecraft:iron_boots":1,"minecraft:iron_axe":1,"minecraft:stone_pickaxe":1,"minecraft:chest":1,"minecraft:oak_button":4,"minecraft:iron_door":3,"minecraft:golden_helmet":1,"minecraft:cooked_beef":11,"minecraft:crafting_table":1,"minecraft:iron_helmet":1,"minecraft:baked_potato":46,"minecraft:iron_sword":1,"minecraft:stone_axe":1,"minecraft:shield":1,"minecraft:iron_pickaxe":1,"minecraft:iron_leggings":1,"minecraft:diamond_chestplate":1},"minecraft:dropped":{"minecraft:iron_sword":1,"minecraft:sand":3,"minecraft:spyglass":1,"minecraft:cooked_chicken":1,"minecraft:enchanted_golden_apple":3,"minecraft:diamond_sword":1},"minecraft:custom":{"minecraft:interact_with_smithing_table":3,"minecraft:mob_kills":26,"minecraft:interact_with_anvil":6,"minecraft:interact_with_crafting_table":25,"minecraft:open_barrel":10,"minecraft:leave_game":7,"minecraft:time_since_death":48350,"minecraft:damage_resisted":61,"minecraft:sprint_one_cm":426440,"minecraft:walk_one_cm":352136,"minecraft:damage_blocked_by_shield":4099,"minecraft:drop":8,"minecraft:play_time":171202,"minecraft:deaths":13,"minecraft:sneak_time":18839,"minecraft:walk_under_water_one_cm":99695,"minecraft:boat_one_cm":48323,"minecraft:jump":2170,"minecraft:interact_with_blast_furnace":3,"minecraft:walk_on_water_one_cm":42155,"minecraft:total_world_time":171202,"minecraft:interact_with_furnace":27,"minecraft:interact_with_grindstone":2,"minecraft:sleep_in_bed":4,"minecraft:time_since_rest":48432,"minecraft:damage_taken":6475,"minecraft:damage_absorbed":93,"minecraft:damage_dealt":5290,"minecraft:swim_one_cm":222547,"minecraft:fly_one_cm":446652,"minecraft:player_kills":3,"minecraft:open_chest":55,"minecraft:crouch_one_cm":66174,"minecraft:interact_with_smoker":2,"minecraft:fall_one_cm":73043,"minecraft:horse_one_cm":1052},"minecraft:killed_by":{"minecraft:player":7,"minecraft:creeper":1,"minecraft:drowned":1},"minecraft:picked_up":{"minecraft:wheat":10,"minecraft:chicken":2,"minecraft:flower_pot":1,"minecraft:diamond_sword":2,"minecraft:oak_stairs":4,"minecraft:string":4,"minecraft:raw_copper":43,"minecraft:smooth_stone_slab":2,"minecraft:smooth_stone":8,"minecraft:beef":12,"minecraft:poppy":1,"minecraft:phantom_membrane":3,"minecraft:stick":33,"minecraft:raw_iron":3,"minecraft:oak_door":8,"minecraft:torch":30,"minecraft:rotten_flesh":9,"minecraft:arrow":2,"minecraft:gold_ingot":8,"minecraft:mutton":2,"minecraft:white_wool":2,"minecraft:cobblestone":228,"minecraft:magma_block":2,"minecraft:feather":3,"minecraft:iron_door":1,"minecraft:water_bucket":1,"minecraft:andesite":65,"minecraft:leather":11,"minecraft:potato":4,"minecraft:flint":1,"minecraft:oak_log":27,"minecraft:cobblestone_stairs":8,"minecraft:dirt":110,"minecraft:cooked_mutton":13,"minecraft:bone":3,"minecraft:apple":1,"minecraft:wheat_seeds":48,"minecraft:iron_ingot":46,"minecraft:cooked_chicken":1,"minecraft:oak_planks":33,"minecraft:iron_sword":1,"minecraft:dandelion":2,"minecraft:spyglass":1,"minecraft:gravel":5,"minecraft:sand":3,"minecraft:white_bed":1,"minecraft:spider_eye":1,"minecraft:diamond":8,"minecraft:oak_button":1,"minecraft:coal":16,"minecraft:bricks":3}},"DataVersion":3465}