{"stats":{"minecraft:killed":{"minecraft:spider":1,"minecraft:sheep":1,"minecraft:skeleton":3,"minecraft:zombie":5,"minecraft:chicken":2,"minecraft:drowned":1,"minecraft:player":1,"minecraft:cow":7},"minecraft:broken":{"minecraft:golden_helmet":1,"minecraft:shield":1},"minecraft:mined":{"minecraft:white_bed":1,"minecraft:oak_door":8,"minecraft:cobblestone_stairs":8,"minecraft:dandelion":1,"minecraft:oak_fence":1,"minecraft:torch":21,"minecraft:grass_block":9,"minecraft:poppy":1,"minecraft:glass":1,"minecraft:tall_grass":37,"minecraft:cobblestone":61,"minecraft:oak_planks":9,"minecraft:bricks":3,"minecraft:iron_door":1,"minecraft:wall_torch":8,"minecraft:smooth_stone":8,"minecraft:magma_block":3,"minecraft:wheat":12,"minecraft:andesite":56,"minecraft:smooth_stone_slab":1,"minecraft:grass":174,"minecraft:potted_dandelion":1,"minecraft:oak_log":26,"minecraft:oak_stairs":4,"minecraft:sand":2,"minecraft:dirt":7,"minecraft:oak_button":1,"minecraft:stone":87,"minecraft:white_wool":1,"minecraft:oak_leaves":4},"minecraft:used":{"minecraft:cooked_mutton":7,"minecraft:cobblestone_stairs":5,"minecraft:water_bucket":7,"minecraft:stone_pickaxe":120,"minecraft:baked_potato":5,"minecraft:oak_planks":17,"minecraft:oak_sign":3,"minecraft:chest":2,"minecraft:shield":48,"minecraft:iron_sword":115,"minecraft:oak_door":6,"minecraft:white_wool":1,"minecraft:torch":18,"minecraft:spyglass":9,"minecraft:sand":6,"minecraft:dirt":51,"minecraft:crafting_table":1,"minecraft:white_bed":1,"minecraft:oak_log":1,"minecraft:bricks":3,"minecraft:iron_pickaxe":112,"minecraft:oak_button":4,"minecraft:iron_door":3,"minecraft:magma_block":2,"minecraft:stone_axe":70,"minecraft:cobblestone":354,"minecraft:furnace":1,"minecraft:andesite":45,"minecraft:bucket":7,"minecraft:cooked_beef":9},"minecraft:dropped":{"minecraft:iron_sword":1,"minecraft:spyglass":1,"minecraft:diamond_sword":1},"minecraft:crafted":{"minecraft:cooked_beef":11,"minecraft:oak_planks":12,"minecraft:oak_sign":3,"minecraft:crafting_table":1,"minecraft:baked_potato":46,"minecraft:cooked_chicken":2,"minecraft:iron_sword":1,"minecraft:furnace":1,"minecraft:stone_axe":1,"minecraft:cooked_mutton":2,"minecraft:glass":97,"minecraft:iron_boots":1,"minecraft:shield":1,"minecraft:iron_axe":1,"minecraft:stone_pickaxe":1,"minecraft:iron_pickaxe":1,"minecraft:chest":1,"minecraft:iron_leggings":1,"minecraft:oak_button":4,"minecraft:iron_door":3,"minecraft:diamond_chestplate":1},"minecraft:custom":{"minecraft:interact_with_smithing_table":1,"minecraft:interact_with_furnace":25,"minecraft:interact_with_anvil":5,"minecraft:mob_kills":20,"minecraft:interact_with_crafting_table":23,"minecraft:open_barrel":10,"minecraft:interact_with_grindstone":1,"minecraft:leave_game":6,"minecraft:time_since_death":3208,"minecraft:sleep_in_bed":4,"minecraft:time_since_rest":3290,"minecraft:sprint_one_cm":312877,"minecraft:damage_taken":5838,"minecraft:damage_blocked_by_shield":3109,"minecraft:walk_one_cm":278608,"minecraft:drop":3,"minecraft:damage_dealt":3911,"minecraft:player_kills":3,"minecraft:swim_one_cm":209401,"minecraft:fly_one_cm":300312,"minecraft:open_chest":40,"minecraft:play_time":126060,"minecraft:crouch_one_cm":54869,"minecraft:sneak_time":15435,"minecraft:deaths":13,"minecraft:walk_under_water_one_cm":91424,"minecraft:boat_one_cm":48323,"minecraft:jump":1512,"minecraft:walk_on_water_one_cm":32721,"minecraft:total_world_time":126060,"minecraft:interact_with_smoker":2,"minecraft:fall_one_cm":58663,"minecraft:horse_one_cm":1052},"minecraft:killed_by":{"minecraft:player":7,"minecraft:creeper":1,"minecraft:drowned":1},"minecraft:picked_up":{"minecraft:magma_block":2,"minecraft:wheat":10,"minecraft:feather":3,"minecraft:chicken":2,"minecraft:flower_pot":1,"minecraft:iron_door":1,"minecraft:water_bucket":1,"minecraft:andesite":58,"minecraft:leather":11,"minecraft:diamond_sword":2,"minecraft:potato":4,"minecraft:oak_stairs":4,"minecraft:oak_log":27,"minecraft:cobblestone_stairs":8,"minecraft:dirt":83,"minecraft:string":4,"minecraft:smooth_stone_slab":2,"minecraft:cooked_mutton":13,"minecraft:bone":3,"minecraft:apple":1,"minecraft:wheat_seeds":48,"minecraft:smooth_stone":8,"minecraft:iron_ingot":46,"minecraft:beef":12,"minecraft:poppy":1,"minecraft:iron_sword":1,"minecraft:oak_planks":33,"minecraft:phantom_membrane":1,"minecraft:stick":33,"minecraft:oak_door":8,"minecraft:torch":27,"minecraft:dandelion":2,"minecraft:spyglass":1,"minecraft:sand":3,"minecraft:white_bed":1,"minecraft:spider_eye":1,"minecraft:arrow":1,"minecraft:rotten_flesh":6,"minecraft:diamond":8,"minecraft:gold_ingot":8,"minecraft:oak_button":1,"minecraft:mutton":2,"minecraft:bricks":3,"minecraft:coal":16,"minecraft:white_wool":2,"minecraft:cobblestone":147}},"DataVersion":3465}