{"stats":{"minecraft:killed":{"minecraft:zombified_piglin":4,"minecraft:spider":27,"minecraft:skeleton":43,"minecraft:chicken":3,"minecraft:magma_cube":12,"minecraft:piglin":2,"minecraft:pig":19,"minecraft:zombie_villager":1,"minecraft:creeper":23,"minecraft:sheep":29,"minecraft:trader_llama":2,"minecraft:goat":1,"minecraft:zombie":88,"minecraft:ghast":2,"minecraft:cow":37,"minecraft:phantom":1,"minecraft:horse":32,"minecraft:drowned":6,"minecraft:wandering_trader":1,"minecraft:hoglin":2,"minecraft:player":2,"minecraft:enderman":5},"minecraft:broken":{"minecraft:golden_helmet":1,"minecraft:iron_shovel":1,"minecraft:stone_pickaxe":1,"minecraft:stone_shovel":1,"minecraft:shield":1,"minecraft:iron_pickaxe":2,"minecraft:iron_helmet":1,"minecraft:wooden_hoe":1},"minecraft:mined":{"minecraft:white_bed":6,"minecraft:farmland":27,"minecraft:obsidian":46,"minecraft:granite":275,"minecraft:grass_block":690,"minecraft:soul_soil":254,"travelersbackpack:iron":1,"minecraft:chiseled_stone_bricks":1,"minecraft:tall_seagrass":1,"minecraft:magma_block":1203,"minecraft:glowstone":30,"minecraft:iron_ore":348,"minecraft:fire":27,"minecraft:deepslate_lapis_ore":14,"minecraft:enchanting_table":2,"minecraft:cave_vines":1,"minecraft:dirt_path":43,"minecraft:deepslate_redstone_ore":4,"minecraft:blackstone":36,"minecraft:kelp_plant":56,"minecraft:smoker":3,"minecraft:soul_fire":8,"minecraft:powder_snow":17,"minecraft:clay":3,"minecraft:torch":34,"minecraft:blast_furnace":6,"minecraft:chest":2,"minecraft:nether_quartz_ore":4642,"minecraft:cobblestone":12,"minecraft:damaged_anvil":1,"minecraft:oak_planks":162,"minecraft:grindstone":2,"minecraft:sugar_cane":184,"minecraft:wall_torch":27,"minecraft:seagrass":2,"minecraft:birch_log":1,"minecraft:wheat":233,"minecraft:grass":95,"minecraft:oak_log":511,"minecraft:beetroots":5,"minecraft:oak_fence_gate":1,"minecraft:sand":419,"minecraft:dirt":1578,"minecraft:stonecutter":4,"minecraft:netherrack":13881,"minecraft:ancient_debris":34,"minecraft:oak_leaves":84,"minecraft:deepslate":276,"minecraft:nether_gold_ore":201,"minecraft:diamond_ore":85,"minecraft:dark_oak_leaves":6,"travelersbackpack:lapis":2,"minecraft:deepslate_diamond_ore":14,"minecraft:dark_oak_log":39,"travelersbackpack:bookshelf":14,"travelersbackpack:white_sleeping_bag":3,"minecraft:spruce_leaves":7,"minecraft:moss_block":3,"minecraft:kelp":20,"minecraft:red_mushroom":1,"minecraft:hay_block":2,"minecraft:redstone_ore":3,"minecraft:furnace":12,"minecraft:carrots":222,"minecraft:andesite":318,"minecraft:bookshelf":22,"minecraft:potatoes":100,"minecraft:deepslate_iron_ore":38,"minecraft:packed_ice":1019,"minecraft:bamboo_sapling":1,"minecraft:stone":2988,"minecraft:white_wool":2,"minecraft:smithing_table":1,"minecraft:soul_sand":189,"minecraft:basalt":4,"minecraft:stone_brick_slab":3,"minecraft:dandelion":6,"minecraft:oak_fence":15,"minecraft:crafting_table":13,"minecraft:copper_ore":22,"minecraft:tall_grass":20,"minecraft:deepslate_gold_ore":15,"minecraft:lapis_ore":39,"minecraft:diorite":249,"minecraft:big_dripleaf":1,"minecraft:birch_planks":42,"minecraft:ice":1,"minecraft:coal_ore":438,"minecraft:sunflower":5,"minecraft:gravel":173,"minecraft:gold_ore":116,"minecraft:chipped_anvil":1,"minecraft:fern":1},"minecraft:used":{"minecraft:iron_shovel":299,"travelersbackpack:lapis":6,"minecraft:oak_sign":47,"minecraft:chest":11,"minecraft:shield":61,"minecraft:stone":203,"minecraft:soul_sand":8,"minecraft:carrot":195,"travelersbackpack:iron":15,"travelersbackpack:emerald":1,"minecraft:obsidian":30,"minecraft:stone_brick_stairs":4,"minecraft:stone_bricks":30,"minecraft:magma_block":375,"minecraft:bow":140,"minecraft:furnace":14,"minecraft:egg":1,"minecraft:potato":94,"minecraft:diorite":15,"minecraft:oak_planks":1103,"minecraft:stone_pickaxe":133,"minecraft:wooden_pickaxe":11,"minecraft:sugar_cane":29,"minecraft:diamond_axe":713,"minecraft:white_wool":2,"minecraft:golden_apple":2,"minecraft:blast_furnace":9,"minecraft:stone_brick_wall":15,"minecraft:gravel":6,"minecraft:diamond_sword":1052,"minecraft:wooden_sword":3,"minecraft:grindstone":3,"minecraft:smithing_table":2,"minecraft:andesite":16,"minecraft:oak_boat":7,"minecraft:oak_fence":39,"minecraft:enchanting_table":3,"minecraft:stone_sword":13,"minecraft:flint_and_steel":4,"minecraft:stone_shovel":132,"minecraft:wooden_shovel":56,"minecraft:cooked_chicken":1,"minecraft:netherrack":1939,"minecraft:torch":298,"minecraft:dirt":280,"minecraft:anvil":2,"minecraft:nether_quartz_ore":7,"minecraft:oak_fence_gate":4,"minecraft:iron_hoe":115,"minecraft:stone_brick_slab":63,"minecraft:wooden_axe":41,"minecraft:chipped_anvil":1,"minecraft:bookshelf":37,"minecraft:golden_carrot":41,"minecraft:soul_soil":1,"minecraft:cooked_beef":52,"minecraft:powder_snow_bucket":4,"minecraft:enchanted_golden_apple":1,"minecraft:iron_leggings":1,"minecraft:wheat_seeds":296,"minecraft:water_bucket":109,"minecraft:lead":1,"minecraft:baked_potato":33,"minecraft:stonecutter":4,"minecraft:crafting_table":16,"minecraft:white_bed":7,"minecraft:smoker":3,"minecraft:oak_log":19,"minecraft:wooden_hoe":87,"minecraft:diamond_pickaxe":25584,"minecraft:diamond_shovel":2852,"travelersbackpack:bookshelf":43,"minecraft:iron_pickaxe":751,"travelersbackpack:white_sleeping_bag":4,"minecraft:stone_axe":26,"minecraft:chiseled_stone_bricks":5,"minecraft:cobblestone":219,"travelersbackpack:standard":11,"minecraft:cooked_porkchop":9,"minecraft:porkchop":1,"minecraft:bucket":120,"minecraft:kelp":86},"minecraft:crafted":{"minecraft:grindstone":1,"minecraft:smooth_stone":17,"minecraft:oak_planks":1692,"travelersbackpack:iron":3,"minecraft:oak_sign":51,"travelersbackpack:crafting_upgrade":1,"minecraft:cooked_chicken":3,"minecraft:stone":88,"minecraft:diamond_shovel":3,"minecraft:bookshelf":20,"minecraft:cooked_mutton":46,"minecraft:quartz_block":1474,"minecraft:glass":159,"minecraft:stone_brick_slab":14,"minecraft:diamond_helmet":1,"minecraft:bow":2,"minecraft:diamond_leggings":1,"minecraft:iron_boots":1,"minecraft:chest":15,"minecraft:chiseled_stone_bricks":6,"minecraft:stone_bricks":30,"minecraft:oak_fence":48,"travelersbackpack:bookshelf":1,"minecraft:wooden_shovel":1,"travelersbackpack:iron_tier_upgrade":3,"minecraft:arrow":4,"minecraft:cooked_porkchop":20,"minecraft:diamond_axe":1,"minecraft:crafting_table":6,"travelersbackpack:lapis":1,"travelersbackpack:standard":5,"minecraft:baked_potato":89,"minecraft:wooden_pickaxe":1,"minecraft:iron_helmet":1,"minecraft:smithing_table":1,"minecraft:birch_planks":4,"minecraft:stone_brick_stairs":8,"minecraft:wooden_hoe":2,"minecraft:iron_chestplate":1,"minecraft:book":48,"minecraft:paper":144,"minecraft:diamond_pickaxe":8,"minecraft:shield":4,"minecraft:stick":284,"minecraft:stone_slab":12,"minecraft:iron_ingot":459,"minecraft:iron_pickaxe":3,"minecraft:iron_block":12,"minecraft:stone_sword":1,"minecraft:gold_ingot":223,"minecraft:netherite_ingot":8,"minecraft:shears":1,"minecraft:golden_carrot":59,"minecraft:wooden_sword":1,"minecraft:stone_shovel":1,"minecraft:stone_brick_wall":16,"minecraft:furnace":6,"minecraft:blast_furnace":3,"travelersbackpack:blank_upgrade":4,"minecraft:flint_and_steel":2,"travelersbackpack:white_sleeping_bag":5,"minecraft:iron_hoe":1,"minecraft:stone_pickaxe":1,"minecraft:diamond_boots":1,"minecraft:netherite_scrap":34,"minecraft:golden_helmet":3,"minecraft:wheat":18,"minecraft:cooked_beef":59,"minecraft:diamond_sword":4,"minecraft:enchanting_table":1,"travelersbackpack:backpack_tank":9,"minecraft:bucket":3,"minecraft:stone_axe":1,"minecraft:air":0,"minecraft:oak_fence_gate":4,"minecraft:oak_boat":4,"minecraft:golden_apple":1,"minecraft:gold_nugget":504,"minecraft:wooden_axe":1,"minecraft:iron_shovel":2,"minecraft:iron_leggings":1,"minecraft:anvil":2,"minecraft:torch":276,"minecraft:lapis_block":4,"minecraft:diamond_chestplate":1},"minecraft:dropped":{"minecraft:gold_ore":1,"minecraft:crimson_stem":1,"minecraft:clay":1,"minecraft:moss_block":6,"minecraft:iron_sword":1,"minecraft:lapis_lazuli":5,"minecraft:soul_sand":110,"minecraft:brown_mushroom":1,"minecraft:birch_planks":7,"minecraft:porkchop":19,"minecraft:diamond_axe":2,"minecraft:cooked_beef":27,"minecraft:oak_log":11,"minecraft:baked_potato":4,"minecraft:diamond":22,"minecraft:crafting_table":2,"minecraft:dark_oak_sapling":7,"minecraft:red_mushroom":1,"minecraft:flint":1,"minecraft:dirt":405,"minecraft:packed_ice":832,"minecraft:cornflower":1,"minecraft:mutton":2,"minecraft:crimson_roots":1,"minecraft:jungle_sapling":3,"minecraft:gold_nugget":1,"minecraft:wooden_sword":1,"minecraft:sunflower":13,"minecraft:sand":10,"minecraft:iron_pickaxe":2,"travelersbackpack:backpack_tank":1,"minecraft:birch_log":1,"minecraft:gold_ingot":46,"minecraft:bone":2,"minecraft:gravel":159,"minecraft:crimson_fungus":2,"minecraft:stone_axe":2,"minecraft:blackstone":52,"minecraft:sugar_cane":8,"minecraft:iron_nugget":7,"minecraft:cobbled_deepslate":14,"minecraft:wheat":3,"minecraft:beetroot":3,"minecraft:rotten_flesh":115,"minecraft:oak_planks":112,"minecraft:diamond_shovel":3,"minecraft:cooked_mutton":58,"minecraft:azure_bluet":1,"minecraft:white_bed":4,"minecraft:carrot":10,"minecraft:chiseled_stone_bricks":2,"minecraft:oak_fence_gate":1,"minecraft:gunpowder":4,"minecraft:coal_ore":1,"minecraft:beetroot_seeds":7,"minecraft:quartz_block":1,"minecraft:glowstone":4,"minecraft:jungle_log":78,"minecraft:stone_brick_wall":1,"minecraft:chest":2,"minecraft:iron_ore":1,"minecraft:beef":4,"minecraft:arrow":33,"minecraft:glass":1,"minecraft:stone_brick_stairs":4,"minecraft:quartz":213,"minecraft:netherrack":6636,"minecraft:golden_boots":2,"minecraft:egg":2,"minecraft:water_bucket":6,"minecraft:iron_ingot":141,"minecraft:wheat_seeds":175,"travelersbackpack:bookshelf":2,"minecraft:golden_helmet":2,"minecraft:poisonous_potato":1,"minecraft:iron_helmet":1,"minecraft:cobblestone":134,"minecraft:lead":1,"minecraft:granite":219,"minecraft:copper_ingot":1,"minecraft:grass_block":3,"minecraft:coal":16,"minecraft:stick":130,"minecraft:oxeye_daisy":2,"minecraft:gray_wool":2,"minecraft:diorite":150,"minecraft:golden_carrot":13,"minecraft:ink_sac":5,"minecraft:wooden_hoe":2,"minecraft:torch":3,"minecraft:wooden_axe":1,"minecraft:iron_leggings":1,"minecraft:iron_shovel":2,"minecraft:paper":18,"minecraft:string":4,"minecraft:stone_brick_slab":1,"minecraft:dandelion":15,"minecraft:furnace":1,"minecraft:moss_carpet":3,"minecraft:kelp":28,"minecraft:soul_soil":131,"minecraft:stone_sword":1,"minecraft:raw_copper":41,"minecraft:deepslate":164,"minecraft:light_gray_wool":1,"minecraft:clay_ball":32,"minecraft:iron_boots":1,"minecraft:stone_slab":11,"minecraft:damaged_anvil":2,"minecraft:oak_sign":1,"minecraft:copper_ore":4,"minecraft:diamond_sword":9,"minecraft:potato":10,"minecraft:stone":170,"minecraft:diamond_pickaxe":19,"minecraft:iron_chestplate":1,"minecraft:andesite":250,"minecraft:oak_sapling":12,"minecraft:wooden_shovel":1,"minecraft:bamboo":2,"minecraft:spider_eye":13,"minecraft:bow":1,"minecraft:wooden_pickaxe":1,"minecraft:red_tulip":1,"minecraft:nether_quartz_ore":3,"minecraft:magma_block":39,"minecraft:black_wool":1},"minecraft:custom":{"minecraft:animals_bred":92,"minecraft:interact_with_crafting_table":199,"minecraft:leave_game":10,"minecraft:time_since_death":268360,"minecraft:damage_resisted":21,"minecraft:sprint_one_cm":2188429,"minecraft:damage_blocked_by_shield":4060,"minecraft:drop":693,"minecraft:talked_to_villager":8,"minecraft:play_time":1396081,"minecraft:deaths":13,"minecraft:jump":12725,"minecraft:walk_on_water_one_cm":123390,"minecraft:enchant_item":66,"minecraft:interact_with_furnace":150,"minecraft:sleep_in_bed":47,"minecraft:damage_dealt":50152,"minecraft:player_kills":6,"minecraft:crouch_one_cm":440212,"minecraft:interact_with_smoker":53,"minecraft:horse_one_cm":17,"minecraft:interact_with_smithing_table":29,"minecraft:interact_with_anvil":63,"minecraft:mob_kills":358,"minecraft:climb_one_cm":2175,"minecraft:walk_one_cm":3229245,"minecraft:sneak_time":108366,"minecraft:walk_under_water_one_cm":440717,"minecraft:boat_one_cm":204165,"minecraft:interact_with_blast_furnace":116,"minecraft:total_world_time":1396081,"minecraft:interact_with_grindstone":51,"minecraft:interact_with_stonecutter":16,"minecraft:time_since_rest":154442,"minecraft:damage_absorbed":79,"minecraft:damage_taken":11639,"minecraft:swim_one_cm":652067,"minecraft:fly_one_cm":1842816,"minecraft:open_chest":637,"minecraft:fall_one_cm":188301},"minecraft:killed_by":{"minecraft:creeper":2,"minecraft:player":2,"minecraft:skeleton":2},"minecraft:picked_up":{"minecraft:wheat":220,"minecraft:smithing_table":1,"minecraft:lead":9,"minecraft:diamond_sword":8,"minecraft:potion":1,"minecraft:enchanted_book":1,"minecraft:nether_brick":13,"travelersbackpack:emerald":1,"minecraft:string":33,"minecraft:raw_copper":108,"minecraft:soul_soil":205,"minecraft:oak_sign":1,"minecraft:beetroot":3,"minecraft:gold_nugget":743,"minecraft:cobbled_deepslate":107,"minecraft:iron_pickaxe":1,"minecraft:furnace":12,"minecraft:golden_helmet":1,"minecraft:stick":90,"minecraft:oak_fence":8,"minecraft:torch":71,"minecraft:porkchop":40,"minecraft:diorite":222,"travelersbackpack:iron":1,"minecraft:rotten_flesh":107,"minecraft:red_tulip":1,"minecraft:glowstone":4,"minecraft:bookshelf":17,"minecraft:obsidian":45,"minecraft:cobblestone":1822,"minecraft:birch_log":1,"minecraft:enchanting_table":2,"minecraft:magma_block":995,"minecraft:feather":1,"minecraft:cooked_beef":23,"minecraft:jungle_log":78,"minecraft:water_bucket":4,"minecraft:andesite":313,"minecraft:smoker":3,"minecraft:potato":322,"minecraft:flint":20,"minecraft:lapis_lazuli":365,"minecraft:dirt":2035,"travelersbackpack:bookshelf":16,"minecraft:bone":32,"minecraft:chipped_anvil":1,"minecraft:bow":2,"minecraft:stonecutter":4,"minecraft:wheat_seeds":677,"minecraft:raw_gold":136,"minecraft:grindstone":2,"minecraft:bamboo":2,"minecraft:glowstone_dust":63,"minecraft:moss_block":6,"minecraft:oak_planks":212,"minecraft:poisonous_potato":1,"minecraft:sand":542,"minecraft:ink_sac":5,"minecraft:grass_block":3,"minecraft:dark_oak_log":39,"travelersbackpack:white_sleeping_bag":3,"minecraft:clay":1,"minecraft:diamond":159,"minecraft:deepslate":164,"minecraft:granite":244,"minecraft:golden_apple":1,"minecraft:oak_sapling":12,"minecraft:netherrack":9323,"minecraft:crimson_roots":1,"minecraft:diamond_pickaxe":16,"minecraft:crafting_table":13,"minecraft:azure_bluet":1,"minecraft:chicken":3,"minecraft:packed_ice":1103,"minecraft:clay_ball":32,"minecraft:brown_mushroom":1,"minecraft:cornflower":1,"minecraft:moss_carpet":3,"minecraft:iron_shovel":1,"minecraft:blackstone":52,"travelersbackpack:lapis":2,"minecraft:beef":64,"minecraft:oak_boat":5,"minecraft:jungle_sapling":3,"minecraft:light_gray_wool":1,"minecraft:sugar_cane":327,"minecraft:chest":2,"minecraft:copper_ore":4,"minecraft:egg":3,"minecraft:dark_oak_sapling":7,"minecraft:raw_iron":530,"minecraft:stone":1137,"minecraft:copper_ingot":1,"minecraft:fire_charge":1,"minecraft:carrot":599,"minecraft:redstone":43,"minecraft:arrow":44,"minecraft:beetroot_seeds":7,"minecraft:hay_block":2,"minecraft:gold_ingot":18,"minecraft:mutton":48,"minecraft:white_wool":26,"minecraft:oxeye_daisy":2,"minecraft:basalt":4,"minecraft:golden_carrot":1,"minecraft:crimson_stem":1,"minecraft:leather":90,"minecraft:red_mushroom":1,"minecraft:birch_planks":31,"minecraft:ice":1,"minecraft:crimson_fungus":2,"minecraft:oak_log":485,"minecraft:ancient_debris":34,"minecraft:golden_boots":2,"minecraft:gunpowder":22,"minecraft:wooden_hoe":1,"minecraft:paper":18,"minecraft:white_banner":1,"minecraft:cooked_mutton":12,"minecraft:apple":1,"minecraft:kelp":211,"minecraft:iron_ingot":1,"minecraft:oak_fence_gate":1,"minecraft:iron_ore":1,"minecraft:iron_sword":1,"minecraft:soul_sand":189,"minecraft:book":15,"minecraft:nether_quartz_ore":11,"minecraft:chiseled_stone_bricks":1,"minecraft:stone_brick_slab":4,"minecraft:quartz":6093,"minecraft:dandelion":15,"minecraft:gravel":172,"minecraft:blast_furnace":6,"minecraft:white_bed":11,"minecraft:gold_ore":1,"minecraft:crying_obsidian":5,"minecraft:spider_eye":18,"minecraft:diamond_shovel":3,"minecraft:coal_ore":1,"minecraft:stone_axe":1,"minecraft:iron_helmet":1,"minecraft:diamond_axe":2,"minecraft:gray_wool":2,"minecraft:baked_potato":1,"minecraft:damaged_anvil":2,"minecraft:black_wool":1,"minecraft:coal":642,"minecraft:sunflower":9,"minecraft:ender_pearl":8}},"DataVersion":3465}