{"stats":{"minecraft:custom":{"minecraft:animals_bred":88,"minecraft:interact_with_crafting_table":180,"minecraft:leave_game":8,"minecraft:time_since_death":306528,"minecraft:sprint_one_cm":1547277,"minecraft:damage_blocked_by_shield":4060,"minecraft:drop":416,"minecraft:talked_to_villager":6,"minecraft:play_time":970223,"minecraft:deaths":10,"minecraft:jump":8369,"minecraft:walk_on_water_one_cm":77279,"minecraft:enchant_item":32,"minecraft:interact_with_furnace":133,"minecraft:sleep_in_bed":33,"minecraft:damage_dealt":41273,"minecraft:player_kills":3,"minecraft:crouch_one_cm":219386,"minecraft:interact_with_smoker":52,"minecraft:horse_one_cm":17,"minecraft:interact_with_smithing_table":26,"minecraft:interact_with_anvil":40,"minecraft:mob_kills":283,"minecraft:walk_one_cm":2362346,"minecraft:sneak_time":57455,"minecraft:walk_under_water_one_cm":273874,"minecraft:boat_one_cm":4936,"minecraft:interact_with_blast_furnace":88,"minecraft:total_world_time":970223,"minecraft:interact_with_grindstone":16,"minecraft:interact_with_stonecutter":3,"minecraft:time_since_rest":10970,"minecraft:damage_absorbed":79,"minecraft:damage_taken":8393,"minecraft:swim_one_cm":421204,"minecraft:fly_one_cm":1262042,"minecraft:open_chest":558,"minecraft:fall_one_cm":108834},"minecraft:used":{"minecraft:iron_shovel":299,"travelersbackpack:lapis":6,"minecraft:oak_sign":47,"minecraft:chest":8,"minecraft:shield":61,"minecraft:stone":39,"minecraft:soul_sand":1,"minecraft:carrot":173,"travelersbackpack:iron":15,"travelersbackpack:emerald":1,"minecraft:obsidian":10,"minecraft:bow":36,"minecraft:furnace":10,"minecraft:egg":1,"minecraft:potato":94,"minecraft:diorite":15,"minecraft:oak_planks":1050,"minecraft:stone_pickaxe":133,"minecraft:wooden_pickaxe":11,"minecraft:sugar_cane":29,"minecraft:diamond_axe":644,"minecraft:golden_apple":2,"minecraft:blast_furnace":3,"minecraft:gravel":6,"minecraft:diamond_sword":853,"minecraft:wooden_sword":3,"minecraft:grindstone":2,"minecraft:smithing_table":1,"minecraft:andesite":16,"minecraft:oak_boat":2,"minecraft:oak_fence":39,"minecraft:enchanting_table":2,"minecraft:stone_sword":13,"minecraft:flint_and_steel":1,"minecraft:stone_shovel":132,"minecraft:wooden_shovel":56,"minecraft:cooked_chicken":1,"minecraft:netherrack":757,"minecraft:torch":244,"minecraft:dirt":272,"minecraft:anvil":1,"minecraft:nether_quartz_ore":7,"minecraft:oak_fence_gate":4,"minecraft:iron_hoe":114,"minecraft:wooden_axe":41,"minecraft:chipped_anvil":1,"minecraft:bookshelf":20,"minecraft:golden_carrot":37,"minecraft:cooked_beef":25,"minecraft:iron_leggings":1,"minecraft:wheat_seeds":296,"minecraft:water_bucket":65,"minecraft:lead":1,"minecraft:baked_potato":33,"minecraft:stonecutter":2,"minecraft:crafting_table":16,"minecraft:white_bed":6,"minecraft:smoker":1,"minecraft:oak_log":19,"minecraft:wooden_hoe":87,"minecraft:diamond_pickaxe":15568,"minecraft:diamond_shovel":642,"travelersbackpack:bookshelf":23,"minecraft:iron_pickaxe":751,"minecraft:stone_axe":26,"minecraft:cobblestone":219,"travelersbackpack:standard":1,"minecraft:porkchop":1,"minecraft:bucket":72,"minecraft:kelp":43},"minecraft:dropped":{"minecraft:iron_sword":1,"minecraft:soul_sand":82,"minecraft:birch_planks":7,"minecraft:porkchop":4,"minecraft:diamond_axe":2,"minecraft:lapis_lazuli":5,"minecraft:baked_potato":4,"minecraft:crafting_table":2,"minecraft:red_mushroom":1,"minecraft:dirt":75,"minecraft:cornflower":1,"minecraft:wooden_sword":1,"minecraft:gold_nugget":1,"minecraft:sunflower":13,"minecraft:sand":4,"minecraft:iron_pickaxe":2,"minecraft:birch_log":1,"minecraft:gold_ingot":29,"minecraft:bone":2,"minecraft:gravel":123,"minecraft:stone_axe":2,"minecraft:blackstone":33,"minecraft:sugar_cane":4,"minecraft:iron_nugget":7,"minecraft:cobbled_deepslate":13,"minecraft:wheat":3,"minecraft:beetroot":3,"minecraft:rotten_flesh":61,"minecraft:oak_planks":12,"minecraft:cooked_mutton":32,"minecraft:azure_bluet":1,"minecraft:white_bed":3,"minecraft:carrot":9,"minecraft:gunpowder":1,"minecraft:coal_ore":1,"minecraft:beetroot_seeds":7,"minecraft:quartz_block":1,"minecraft:chest":1,"minecraft:iron_ore":1,"minecraft:arrow":33,"minecraft:quartz":10,"minecraft:netherrack":3895,"minecraft:egg":2,"minecraft:water_bucket":5,"minecraft:wheat_seeds":105,"travelersbackpack:bookshelf":2,"minecraft:poisonous_potato":1,"minecraft:iron_helmet":1,"minecraft:cobblestone":123,"minecraft:lead":1,"minecraft:granite":174,"minecraft:copper_ingot":1,"minecraft:stick":7,"minecraft:oxeye_daisy":2,"minecraft:gray_wool":2,"minecraft:diorite":132,"minecraft:golden_carrot":13,"minecraft:ink_sac":1,"minecraft:wooden_hoe":2,"minecraft:torch":3,"minecraft:wooden_axe":1,"minecraft:iron_leggings":1,"minecraft:iron_shovel":2,"minecraft:paper":18,"minecraft:string":1,"minecraft:dandelion":15,"minecraft:furnace":1,"minecraft:soul_soil":125,"minecraft:stone_sword":1,"minecraft:raw_copper":41,"minecraft:deepslate":12,"minecraft:light_gray_wool":1,"minecraft:iron_boots":1,"minecraft:stone_slab":11,"minecraft:diamond_sword":6,"minecraft:potato":2,"minecraft:stone":71,"minecraft:diamond_pickaxe":14,"minecraft:iron_chestplate":1,"minecraft:andesite":177,"minecraft:oak_sapling":12,"minecraft:wooden_shovel":1,"minecraft:spider_eye":13,"minecraft:bow":1,"minecraft:wooden_pickaxe":1,"minecraft:red_tulip":1,"minecraft:black_wool":1},"minecraft:broken":{"minecraft:iron_shovel":1,"minecraft:stone_pickaxe":1,"minecraft:stone_shovel":1,"minecraft:shield":1,"minecraft:iron_pickaxe":2,"minecraft:iron_helmet":1,"minecraft:wooden_hoe":1},"minecraft:crafted":{"minecraft:grindstone":1,"minecraft:oak_planks":1600,"minecraft:smooth_stone":17,"minecraft:oak_sign":51,"travelersbackpack:iron":3,"travelersbackpack:crafting_upgrade":1,"minecraft:cooked_chicken":3,"minecraft:stone":88,"minecraft:diamond_shovel":1,"minecraft:bookshelf":20,"minecraft:cooked_mutton":46,"minecraft:quartz_block":804,"minecraft:glass":128,"minecraft:diamond_helmet":1,"minecraft:bow":2,"minecraft:diamond_leggings":1,"minecraft:iron_boots":1,"minecraft:chest":10,"minecraft:oak_fence":48,"travelersbackpack:bookshelf":1,"minecraft:wooden_shovel":1,"travelersbackpack:iron_tier_upgrade":1,"minecraft:arrow":4,"minecraft:cooked_porkchop":20,"minecraft:diamond_axe":1,"minecraft:crafting_table":6,"travelersbackpack:lapis":1,"travelersbackpack:standard":3,"minecraft:baked_potato":89,"minecraft:wooden_pickaxe":1,"minecraft:iron_helmet":1,"minecraft:smithing_table":1,"minecraft:birch_planks":4,"minecraft:wooden_hoe":2,"minecraft:iron_chestplate":1,"minecraft:book":48,"minecraft:paper":144,"minecraft:diamond_pickaxe":8,"minecraft:shield":4,"minecraft:stick":228,"minecraft:stone_slab":12,"minecraft:iron_ingot":405,"minecraft:iron_pickaxe":3,"minecraft:iron_block":3,"minecraft:stone_sword":1,"minecraft:gold_ingot":152,"minecraft:netherite_ingot":8,"minecraft:shears":1,"minecraft:golden_carrot":59,"minecraft:wooden_sword":1,"minecraft:stone_shovel":1,"minecraft:furnace":6,"minecraft:blast_furnace":3,"travelersbackpack:blank_upgrade":4,"minecraft:flint_and_steel":1,"travelersbackpack:white_sleeping_bag":1,"minecraft:iron_hoe":1,"minecraft:stone_pickaxe":1,"minecraft:diamond_boots":1,"minecraft:netherite_scrap":33,"minecraft:golden_helmet":1,"minecraft:wheat":18,"minecraft:cooked_beef":59,"minecraft:diamond_sword":2,"minecraft:enchanting_table":1,"travelersbackpack:backpack_tank":4,"minecraft:bucket":3,"minecraft:stone_axe":1,"minecraft:air":0,"minecraft:oak_fence_gate":4,"minecraft:oak_boat":1,"minecraft:golden_apple":1,"minecraft:gold_nugget":504,"minecraft:wooden_axe":1,"minecraft:iron_shovel":2,"minecraft:iron_leggings":1,"minecraft:anvil":1,"minecraft:torch":276,"minecraft:lapis_block":4,"minecraft:diamond_chestplate":1},"minecraft:mined":{"minecraft:white_bed":4,"minecraft:farmland":27,"minecraft:obsidian":15,"minecraft:granite":230,"minecraft:grass_block":63,"minecraft:soul_soil":161,"travelersbackpack:iron":1,"minecraft:tall_seagrass":1,"minecraft:magma_block":46,"minecraft:glowstone":26,"minecraft:iron_ore":312,"minecraft:fire":20,"minecraft:deepslate_lapis_ore":14,"minecraft:enchanting_table":1,"minecraft:dirt_path":41,"minecraft:blackstone":32,"minecraft:kelp_plant":55,"minecraft:smoker":1,"minecraft:soul_fire":8,"minecraft:torch":22,"minecraft:chest":1,"minecraft:nether_quartz_ore":3135,"minecraft:cobblestone":6,"minecraft:grindstone":1,"minecraft:sugar_cane":134,"minecraft:oak_planks":106,"minecraft:wall_torch":17,"minecraft:seagrass":2,"minecraft:birch_log":1,"minecraft:wheat":230,"minecraft:grass":54,"minecraft:oak_log":499,"minecraft:beetroots":5,"minecraft:sand":248,"minecraft:dirt":334,"minecraft:stonecutter":2,"minecraft:netherrack":8666,"minecraft:ancient_debris":33,"minecraft:oak_leaves":84,"minecraft:deepslate":123,"minecraft:nether_gold_ore":115,"minecraft:diamond_ore":81,"travelersbackpack:lapis":2,"minecraft:deepslate_diamond_ore":9,"travelersbackpack:bookshelf":10,"minecraft:red_mushroom":1,"minecraft:kelp":20,"minecraft:hay_block":2,"minecraft:redstone_ore":3,"minecraft:furnace":8,"minecraft:carrots":156,"minecraft:andesite":241,"minecraft:bookshelf":5,"minecraft:potatoes":84,"minecraft:deepslate_iron_ore":20,"minecraft:stone":2479,"minecraft:soul_sand":149,"minecraft:dandelion":6,"minecraft:oak_fence":15,"minecraft:crafting_table":13,"minecraft:tall_grass":15,"minecraft:copper_ore":9,"minecraft:lapis_ore":39,"minecraft:deepslate_gold_ore":15,"minecraft:diorite":231,"minecraft:birch_planks":42,"minecraft:coal_ore":419,"minecraft:sunflower":5,"minecraft:gravel":134,"minecraft:chipped_anvil":1,"minecraft:gold_ore":108},"minecraft:killed":{"minecraft:zombified_piglin":4,"minecraft:spider":22,"minecraft:skeleton":34,"minecraft:chicken":3,"minecraft:magma_cube":12,"minecraft:pig":19,"minecraft:zombie_villager":1,"minecraft:creeper":18,"minecraft:sheep":29,"minecraft:trader_llama":2,"minecraft:zombie":56,"minecraft:cow":36,"minecraft:phantom":1,"minecraft:horse":32,"minecraft:drowned":5,"minecraft:wandering_trader":1,"minecraft:player":2},"minecraft:killed_by":{"minecraft:creeper":2,"minecraft:player":1,"minecraft:skeleton":2},"minecraft:picked_up":{"minecraft:wheat":193,"minecraft:lead":9,"minecraft:diamond_sword":6,"minecraft:enchanted_book":1,"minecraft:nether_brick":13,"travelersbackpack:emerald":1,"minecraft:string":25,"minecraft:raw_copper":41,"minecraft:soul_soil":139,"minecraft:beetroot":3,"minecraft:gold_nugget":278,"minecraft:cobbled_deepslate":106,"minecraft:iron_pickaxe":1,"minecraft:furnace":8,"minecraft:stick":9,"minecraft:oak_fence":8,"minecraft:torch":46,"minecraft:porkchop":32,"minecraft:diorite":204,"travelersbackpack:iron":1,"minecraft:rotten_flesh":53,"minecraft:red_tulip":1,"minecraft:obsidian":14,"minecraft:cobblestone":1811,"minecraft:birch_log":1,"minecraft:enchanting_table":1,"minecraft:magma_block":30,"minecraft:feather":1,"minecraft:cooked_beef":23,"minecraft:water_bucket":4,"minecraft:andesite":240,"minecraft:smoker":1,"minecraft:potato":273,"minecraft:flint":15,"minecraft:lapis_lazuli":365,"minecraft:dirt":374,"travelersbackpack:bookshelf":12,"minecraft:bone":26,"minecraft:chipped_anvil":1,"minecraft:bow":2,"minecraft:stonecutter":2,"minecraft:wheat_seeds":601,"minecraft:raw_gold":118,"minecraft:grindstone":1,"minecraft:glowstone_dust":63,"minecraft:oak_planks":88,"minecraft:poisonous_potato":1,"minecraft:sand":373,"minecraft:ink_sac":5,"minecraft:diamond":135,"minecraft:deepslate":12,"minecraft:granite":199,"minecraft:golden_apple":1,"minecraft:oak_sapling":12,"minecraft:netherrack":5140,"minecraft:diamond_pickaxe":12,"minecraft:crafting_table":13,"minecraft:azure_bluet":1,"minecraft:chicken":3,"minecraft:cornflower":1,"minecraft:iron_shovel":1,"minecraft:blackstone":33,"travelersbackpack:lapis":2,"minecraft:beef":60,"minecraft:oak_boat":1,"minecraft:light_gray_wool":1,"minecraft:sugar_cane":245,"minecraft:chest":1,"minecraft:egg":3,"minecraft:raw_iron":410,"minecraft:stone":628,"minecraft:copper_ingot":1,"minecraft:fire_charge":1,"minecraft:carrot":447,"minecraft:redstone":20,"minecraft:arrow":38,"minecraft:beetroot_seeds":7,"minecraft:hay_block":2,"minecraft:gold_ingot":13,"minecraft:mutton":46,"minecraft:white_wool":24,"minecraft:oxeye_daisy":2,"minecraft:golden_carrot":1,"minecraft:leather":81,"minecraft:red_mushroom":1,"minecraft:birch_planks":3,"minecraft:oak_log":475,"minecraft:ancient_debris":33,"minecraft:gunpowder":14,"minecraft:wooden_hoe":1,"minecraft:paper":18,"minecraft:white_banner":1,"minecraft:cooked_mutton":12,"minecraft:apple":1,"minecraft:kelp":204,"minecraft:iron_ingot":1,"minecraft:iron_ore":1,"minecraft:iron_sword":1,"minecraft:soul_sand":154,"minecraft:book":15,"minecraft:nether_quartz_ore":8,"minecraft:quartz":3321,"minecraft:dandelion":15,"minecraft:gravel":136,"minecraft:white_bed":9,"minecraft:crying_obsidian":2,"minecraft:spider_eye":13,"minecraft:coal_ore":1,"minecraft:stone_axe":1,"minecraft:iron_helmet":1,"minecraft:diamond_axe":2,"minecraft:gray_wool":2,"minecraft:black_wool":1,"minecraft:coal":609,"minecraft:sunflower":9}},"DataVersion":3465}