{"stats":{"minecraft:custom":{"minecraft:mob_kills":81,"minecraft:animals_bred":10,"minecraft:interact_with_crafting_table":128,"minecraft:leave_game":3,"minecraft:time_since_death":84942,"minecraft:sprint_one_cm":777437,"minecraft:walk_one_cm":948087,"minecraft:damage_blocked_by_shield":1540,"minecraft:drop":176,"minecraft:talked_to_villager":6,"minecraft:play_time":389617,"minecraft:sneak_time":23012,"minecraft:deaths":4,"minecraft:walk_under_water_one_cm":126433,"minecraft:jump":3591,"minecraft:interact_with_blast_furnace":35,"minecraft:walk_on_water_one_cm":44534,"minecraft:enchant_item":5,"minecraft:total_world_time":389617,"minecraft:interact_with_furnace":112,"minecraft:interact_with_stonecutter":3,"minecraft:sleep_in_bed":26,"minecraft:time_since_rest":8685,"minecraft:damage_taken":3188,"minecraft:damage_dealt":13271,"minecraft:player_kills":2,"minecraft:swim_one_cm":227913,"minecraft:fly_one_cm":601539,"minecraft:open_chest":371,"minecraft:crouch_one_cm":85058,"minecraft:interact_with_smoker":23,"minecraft:fall_one_cm":47885},"minecraft:used":{"minecraft:oak_fence":39,"minecraft:iron_shovel":299,"minecraft:stone_sword":13,"minecraft:enchanting_table":2,"minecraft:flint_and_steel":1,"minecraft:stone_shovel":132,"minecraft:oak_sign":47,"minecraft:chest":8,"minecraft:shield":23,"minecraft:wooden_shovel":56,"minecraft:cooked_chicken":1,"minecraft:torch":93,"minecraft:soul_sand":1,"minecraft:dirt":171,"minecraft:carrot":67,"minecraft:oak_fence_gate":4,"minecraft:obsidian":10,"minecraft:wooden_axe":41,"minecraft:iron_hoe":3,"minecraft:bookshelf":9,"minecraft:golden_carrot":17,"minecraft:furnace":10,"minecraft:egg":1,"minecraft:potato":39,"minecraft:cooked_beef":4,"minecraft:iron_leggings":1,"minecraft:wheat_seeds":39,"minecraft:water_bucket":51,"minecraft:diorite":4,"minecraft:baked_potato":21,"minecraft:lead":1,"minecraft:stone_pickaxe":133,"minecraft:oak_planks":1032,"minecraft:wooden_pickaxe":11,"minecraft:sugar_cane":21,"minecraft:diamond_axe":583,"minecraft:stonecutter":2,"minecraft:blast_furnace":3,"minecraft:crafting_table":14,"minecraft:white_bed":6,"minecraft:smoker":1,"minecraft:oak_log":19,"minecraft:wooden_hoe":87,"minecraft:diamond_pickaxe":1430,"minecraft:diamond_shovel":139,"minecraft:iron_pickaxe":751,"minecraft:gravel":6,"minecraft:stone_axe":26,"minecraft:diamond_sword":298,"minecraft:wooden_sword":3,"minecraft:cobblestone":128,"minecraft:porkchop":1,"minecraft:andesite":16,"minecraft:bucket":57,"minecraft:kelp":43},"minecraft:dropped":{"minecraft:water_bucket":4,"minecraft:birch_planks":4,"minecraft:diamond_axe":2,"minecraft:wheat_seeds":32,"minecraft:baked_potato":4,"minecraft:crafting_table":1,"minecraft:cobblestone":109,"minecraft:lead":1,"minecraft:granite":125,"minecraft:stick":6,"minecraft:oxeye_daisy":2,"minecraft:dirt":22,"minecraft:gray_wool":2,"minecraft:diorite":92,"minecraft:golden_carrot":12,"minecraft:ink_sac":1,"minecraft:wooden_hoe":2,"minecraft:torch":3,"minecraft:cornflower":1,"minecraft:wooden_axe":1,"minecraft:gold_nugget":1,"minecraft:wooden_sword":1,"minecraft:sunflower":9,"minecraft:iron_pickaxe":2,"minecraft:iron_shovel":2,"minecraft:string":1,"minecraft:birch_log":1,"minecraft:dandelion":15,"minecraft:gravel":58,"minecraft:furnace":1,"minecraft:stone_axe":2,"minecraft:cobbled_deepslate":7,"minecraft:stone_sword":1,"minecraft:raw_copper":32,"minecraft:beetroot":3,"minecraft:rotten_flesh":27,"minecraft:oak_planks":6,"minecraft:azure_bluet":1,"minecraft:white_bed":3,"minecraft:carrot":9,"minecraft:diamond_sword":2,"minecraft:potato":2,"minecraft:gunpowder":1,"minecraft:diamond_pickaxe":1,"minecraft:beetroot_seeds":7,"minecraft:andesite":115,"minecraft:wooden_shovel":1,"minecraft:oak_sapling":12,"minecraft:chest":1,"minecraft:spider_eye":3,"minecraft:arrow":10,"minecraft:wooden_pickaxe":1,"minecraft:red_tulip":1,"minecraft:black_wool":1,"minecraft:egg":2},"minecraft:broken":{"minecraft:iron_shovel":1,"minecraft:stone_pickaxe":1,"minecraft:iron_pickaxe":2,"minecraft:wooden_hoe":1,"minecraft:stone_shovel":1},"minecraft:crafted":{"minecraft:golden_carrot":37,"minecraft:wooden_sword":1,"minecraft:smooth_stone":17,"minecraft:oak_planks":1440,"minecraft:stone_shovel":1,"minecraft:oak_sign":51,"minecraft:cooked_chicken":3,"minecraft:furnace":6,"minecraft:blast_furnace":3,"minecraft:stone":88,"minecraft:diamond_shovel":1,"minecraft:bookshelf":9,"minecraft:cooked_mutton":21,"minecraft:flint_and_steel":1,"minecraft:glass":48,"travelersbackpack:white_sleeping_bag":1,"minecraft:iron_boots":1,"minecraft:iron_hoe":1,"minecraft:stone_pickaxe":1,"minecraft:chest":9,"minecraft:netherite_scrap":3,"minecraft:oak_fence":48,"minecraft:cooked_beef":1,"minecraft:wheat":18,"minecraft:wooden_shovel":1,"minecraft:cooked_porkchop":18,"minecraft:diamond_sword":1,"minecraft:diamond_axe":1,"travelersbackpack:standard":1,"minecraft:crafting_table":5,"travelersbackpack:backpack_tank":4,"minecraft:enchanting_table":1,"minecraft:baked_potato":37,"minecraft:wooden_pickaxe":1,"minecraft:iron_helmet":1,"minecraft:smithing_table":1,"minecraft:birch_planks":4,"minecraft:bucket":3,"minecraft:stone_axe":1,"minecraft:air":0,"minecraft:oak_fence_gate":4,"minecraft:golden_apple":1,"minecraft:iron_chestplate":1,"minecraft:book":15,"minecraft:wooden_hoe":2,"minecraft:paper":45,"minecraft:diamond_pickaxe":1,"minecraft:gold_nugget":324,"minecraft:shield":2,"minecraft:stick":136,"minecraft:iron_ingot":201,"minecraft:iron_pickaxe":3,"minecraft:wooden_axe":1,"minecraft:iron_block":3,"minecraft:stone_sword":1,"minecraft:iron_shovel":2,"minecraft:iron_leggings":1,"minecraft:gold_ingot":60,"minecraft:torch":88},"minecraft:mined":{"minecraft:diamond_ore":22,"minecraft:white_bed":4,"minecraft:farmland":27,"minecraft:obsidian":15,"minecraft:granite":126,"minecraft:grass_block":51,"minecraft:soul_soil":4,"minecraft:kelp":20,"minecraft:hay_block":2,"minecraft:tall_seagrass":1,"minecraft:carrots":60,"minecraft:furnace":8,"minecraft:iron_ore":202,"minecraft:andesite":154,"minecraft:deepslate_lapis_ore":2,"minecraft:enchanting_table":1,"minecraft:bookshelf":5,"minecraft:potatoes":30,"minecraft:dirt_path":41,"minecraft:stone":1108,"minecraft:soul_sand":4,"minecraft:kelp_plant":55,"minecraft:smoker":1,"minecraft:dandelion":6,"minecraft:oak_fence":15,"minecraft:crafting_table":10,"minecraft:torch":10,"minecraft:chest":1,"minecraft:nether_quartz_ore":21,"minecraft:copper_ore":9,"minecraft:tall_grass":4,"minecraft:cobblestone":3,"minecraft:deepslate_gold_ore":4,"minecraft:lapis_ore":5,"minecraft:oak_planks":106,"minecraft:sugar_cane":30,"minecraft:diorite":134,"minecraft:wall_torch":11,"minecraft:seagrass":2,"minecraft:birch_log":1,"minecraft:wheat":43,"minecraft:grass":28,"minecraft:oak_log":499,"minecraft:coal_ore":268,"minecraft:beetroots":5,"minecraft:gravel":73,"minecraft:dirt":189,"minecraft:sunflower":3,"minecraft:sand":244,"minecraft:stonecutter":2,"minecraft:ancient_debris":3,"minecraft:netherrack":96,"minecraft:gold_ore":70,"minecraft:oak_leaves":84,"minecraft:deepslate":54},"minecraft:killed":{"minecraft:zombified_piglin":2,"minecraft:spider":4,"minecraft:horse":8,"minecraft:skeleton":7,"minecraft:chicken":3,"minecraft:drowned":5,"minecraft:pig":10,"minecraft:wandering_trader":1,"minecraft:creeper":4,"minecraft:sheep":14,"minecraft:trader_llama":2,"minecraft:zombie":17,"minecraft:player":1,"minecraft:cow":3},"minecraft:killed_by":{"minecraft:player":1,"minecraft:creeper":1},"minecraft:picked_up":{"minecraft:crafting_table":10,"minecraft:wheat":24,"minecraft:azure_bluet":1,"minecraft:chicken":3,"minecraft:lead":9,"minecraft:diamond_sword":2,"minecraft:cornflower":1,"minecraft:string":3,"minecraft:soul_soil":4,"minecraft:raw_copper":32,"minecraft:iron_shovel":1,"minecraft:beetroot":3,"minecraft:cobbled_deepslate":48,"minecraft:beef":7,"minecraft:iron_pickaxe":1,"minecraft:sugar_cane":66,"minecraft:chest":1,"minecraft:furnace":8,"minecraft:egg":3,"minecraft:stick":9,"minecraft:raw_iron":209,"minecraft:oak_fence":8,"minecraft:torch":31,"minecraft:porkchop":19,"minecraft:diorite":122,"minecraft:carrot":116,"minecraft:arrow":10,"minecraft:rotten_flesh":19,"minecraft:beetroot_seeds":7,"minecraft:hay_block":2,"minecraft:red_tulip":1,"minecraft:mutton":21,"minecraft:obsidian":14,"minecraft:white_wool":11,"minecraft:cobblestone":1085,"minecraft:oxeye_daisy":2,"minecraft:birch_log":1,"minecraft:enchanting_table":1,"minecraft:feather":1,"minecraft:cooked_beef":4,"minecraft:water_bucket":3,"minecraft:andesite":152,"minecraft:leather":21,"minecraft:smoker":1,"minecraft:potato":79,"minecraft:flint":8,"minecraft:oak_log":475,"minecraft:ancient_debris":3,"minecraft:gunpowder":2,"minecraft:lapis_lazuli":44,"minecraft:wooden_hoe":1,"minecraft:dirt":272,"minecraft:bone":6,"minecraft:apple":1,"minecraft:kelp":204,"minecraft:stonecutter":2,"minecraft:wheat_seeds":98,"minecraft:raw_gold":57,"minecraft:iron_ingot":1,"minecraft:oak_planks":88,"minecraft:soul_sand":4,"minecraft:book":15,"minecraft:quartz":21,"minecraft:dandelion":15,"minecraft:gravel":64,"minecraft:sand":369,"minecraft:ink_sac":1,"minecraft:white_bed":9,"minecraft:spider_eye":3,"minecraft:diamond":31,"minecraft:stone_axe":1,"minecraft:granite":125,"minecraft:diamond_axe":2,"minecraft:golden_apple":1,"minecraft:gray_wool":2,"minecraft:oak_sapling":12,"minecraft:black_wool":1,"minecraft:netherrack":96,"minecraft:coal":446,"minecraft:diamond_pickaxe":1,"minecraft:sunflower":5}},"DataVersion":3465}