{"stats":{"minecraft:killed":{"minecraft:zombified_piglin":4,"minecraft:spider":24,"minecraft:skeleton":38,"minecraft:chicken":3,"minecraft:magma_cube":12,"minecraft:pig":19,"minecraft:zombie_villager":1,"minecraft:creeper":20,"minecraft:sheep":29,"minecraft:trader_llama":2,"minecraft:zombie":58,"minecraft:cow":36,"minecraft:phantom":1,"minecraft:horse":32,"minecraft:drowned":6,"minecraft:wandering_trader":1,"minecraft:player":2,"minecraft:enderman":2},"minecraft:broken":{"minecraft:iron_shovel":1,"minecraft:stone_pickaxe":1,"minecraft:stone_shovel":1,"minecraft:shield":1,"minecraft:iron_pickaxe":2,"minecraft:iron_helmet":1,"minecraft:wooden_hoe":1},"minecraft:mined":{"minecraft:white_bed":5,"minecraft:farmland":27,"minecraft:obsidian":25,"minecraft:granite":269,"minecraft:grass_block":189,"minecraft:soul_soil":161,"travelersbackpack:iron":1,"minecraft:tall_seagrass":1,"minecraft:magma_block":1203,"minecraft:glowstone":26,"minecraft:iron_ore":315,"minecraft:fire":22,"minecraft:deepslate_lapis_ore":14,"minecraft:enchanting_table":2,"minecraft:dirt_path":43,"minecraft:deepslate_redstone_ore":4,"minecraft:blackstone":36,"minecraft:kelp_plant":56,"minecraft:smoker":2,"minecraft:soul_fire":8,"minecraft:torch":25,"minecraft:blast_furnace":3,"minecraft:chest":1,"minecraft:nether_quartz_ore":3778,"minecraft:cobblestone":12,"minecraft:damaged_anvil":1,"minecraft:oak_planks":152,"minecraft:grindstone":2,"minecraft:sugar_cane":184,"minecraft:wall_torch":17,"minecraft:seagrass":2,"minecraft:birch_log":1,"minecraft:wheat":233,"minecraft:grass":57,"minecraft:oak_log":511,"minecraft:beetroots":5,"minecraft:oak_fence_gate":1,"minecraft:sand":419,"minecraft:dirt":573,"minecraft:stonecutter":3,"minecraft:netherrack":10012,"minecraft:ancient_debris":34,"minecraft:oak_leaves":84,"minecraft:deepslate":276,"minecraft:nether_gold_ore":124,"minecraft:diamond_ore":85,"travelersbackpack:lapis":2,"minecraft:deepslate_diamond_ore":14,"travelersbackpack:bookshelf":11,"travelersbackpack:white_sleeping_bag":3,"minecraft:kelp":20,"minecraft:red_mushroom":1,"minecraft:hay_block":2,"minecraft:redstone_ore":3,"minecraft:furnace":10,"minecraft:carrots":222,"minecraft:andesite":279,"minecraft:bookshelf":20,"minecraft:potatoes":100,"minecraft:deepslate_iron_ore":38,"minecraft:stone":2650,"minecraft:white_wool":2,"minecraft:smithing_table":1,"minecraft:soul_sand":149,"minecraft:dandelion":6,"minecraft:oak_fence":15,"minecraft:crafting_table":13,"minecraft:copper_ore":18,"minecraft:tall_grass":15,"minecraft:deepslate_gold_ore":15,"minecraft:lapis_ore":39,"minecraft:diorite":234,"minecraft:birch_planks":42,"minecraft:coal_ore":419,"minecraft:sunflower":5,"minecraft:gravel":165,"minecraft:gold_ore":116,"minecraft:chipped_anvil":1},"minecraft:used":{"minecraft:iron_shovel":299,"travelersbackpack:lapis":6,"minecraft:oak_sign":47,"minecraft:chest":8,"minecraft:shield":61,"minecraft:stone":39,"minecraft:soul_sand":1,"minecraft:carrot":195,"travelersbackpack:iron":15,"travelersbackpack:emerald":1,"minecraft:obsidian":10,"minecraft:magma_block":375,"minecraft:bow":68,"minecraft:furnace":10,"minecraft:egg":1,"minecraft:potato":94,"minecraft:diorite":15,"minecraft:oak_planks":1054,"minecraft:stone_pickaxe":133,"minecraft:wooden_pickaxe":11,"minecraft:sugar_cane":29,"minecraft:diamond_axe":702,"minecraft:white_wool":2,"minecraft:golden_apple":2,"minecraft:blast_furnace":3,"minecraft:gravel":6,"minecraft:diamond_sword":938,"minecraft:wooden_sword":3,"minecraft:grindstone":2,"minecraft:smithing_table":1,"minecraft:andesite":16,"minecraft:oak_boat":2,"minecraft:oak_fence":39,"minecraft:enchanting_table":2,"minecraft:stone_sword":13,"minecraft:flint_and_steel":1,"minecraft:stone_shovel":132,"minecraft:wooden_shovel":56,"minecraft:cooked_chicken":1,"minecraft:netherrack":933,"minecraft:torch":255,"minecraft:dirt":272,"minecraft:anvil":1,"minecraft:nether_quartz_ore":7,"minecraft:oak_fence_gate":4,"minecraft:iron_hoe":115,"minecraft:wooden_axe":41,"minecraft:chipped_anvil":1,"minecraft:bookshelf":20,"minecraft:golden_carrot":38,"minecraft:cooked_beef":38,"minecraft:iron_leggings":1,"minecraft:wheat_seeds":296,"minecraft:water_bucket":95,"minecraft:lead":1,"minecraft:baked_potato":33,"minecraft:stonecutter":2,"minecraft:crafting_table":16,"minecraft:white_bed":6,"minecraft:smoker":1,"minecraft:oak_log":19,"minecraft:wooden_hoe":87,"minecraft:diamond_pickaxe":19239,"minecraft:diamond_shovel":1213,"travelersbackpack:bookshelf":28,"minecraft:iron_pickaxe":751,"travelersbackpack:white_sleeping_bag":3,"minecraft:stone_axe":26,"minecraft:cobblestone":219,"travelersbackpack:standard":4,"minecraft:porkchop":1,"minecraft:bucket":102,"minecraft:kelp":86},"minecraft:crafted":{"minecraft:grindstone":1,"minecraft:smooth_stone":17,"minecraft:oak_planks":1600,"travelersbackpack:iron":3,"minecraft:oak_sign":51,"travelersbackpack:crafting_upgrade":1,"minecraft:cooked_chicken":3,"minecraft:stone":88,"minecraft:diamond_shovel":1,"minecraft:bookshelf":20,"minecraft:cooked_mutton":46,"minecraft:quartz_block":1092,"minecraft:glass":159,"minecraft:diamond_helmet":1,"minecraft:bow":2,"minecraft:diamond_leggings":1,"minecraft:iron_boots":1,"minecraft:chest":13,"minecraft:oak_fence":48,"travelersbackpack:bookshelf":1,"minecraft:wooden_shovel":1,"travelersbackpack:iron_tier_upgrade":3,"minecraft:arrow":4,"minecraft:cooked_porkchop":20,"minecraft:diamond_axe":1,"minecraft:crafting_table":6,"travelersbackpack:lapis":1,"travelersbackpack:standard":5,"minecraft:baked_potato":89,"minecraft:wooden_pickaxe":1,"minecraft:iron_helmet":1,"minecraft:smithing_table":1,"minecraft:birch_planks":4,"minecraft:wooden_hoe":2,"minecraft:iron_chestplate":1,"minecraft:book":48,"minecraft:paper":144,"minecraft:diamond_pickaxe":8,"minecraft:shield":4,"minecraft:stick":284,"minecraft:stone_slab":12,"minecraft:iron_ingot":405,"minecraft:iron_pickaxe":3,"minecraft:iron_block":3,"minecraft:stone_sword":1,"minecraft:gold_ingot":170,"minecraft:netherite_ingot":8,"minecraft:shears":1,"minecraft:golden_carrot":59,"minecraft:wooden_sword":1,"minecraft:stone_shovel":1,"minecraft:furnace":6,"minecraft:blast_furnace":3,"travelersbackpack:blank_upgrade":4,"minecraft:flint_and_steel":1,"travelersbackpack:white_sleeping_bag":5,"minecraft:iron_hoe":1,"minecraft:stone_pickaxe":1,"minecraft:diamond_boots":1,"minecraft:netherite_scrap":34,"minecraft:golden_helmet":1,"minecraft:wheat":18,"minecraft:cooked_beef":59,"minecraft:diamond_sword":2,"minecraft:enchanting_table":1,"travelersbackpack:backpack_tank":9,"minecraft:bucket":3,"minecraft:stone_axe":1,"minecraft:air":0,"minecraft:oak_fence_gate":4,"minecraft:oak_boat":1,"minecraft:golden_apple":1,"minecraft:gold_nugget":504,"minecraft:wooden_axe":1,"minecraft:iron_shovel":2,"minecraft:iron_leggings":1,"minecraft:anvil":1,"minecraft:torch":276,"minecraft:lapis_block":4,"minecraft:diamond_chestplate":1},"minecraft:dropped":{"minecraft:gold_ore":1,"minecraft:iron_sword":1,"minecraft:lapis_lazuli":5,"minecraft:soul_sand":82,"minecraft:brown_mushroom":1,"minecraft:birch_planks":7,"minecraft:porkchop":11,"minecraft:diamond_axe":2,"minecraft:cooked_beef":27,"minecraft:oak_log":11,"minecraft:baked_potato":4,"minecraft:diamond":22,"minecraft:crafting_table":2,"minecraft:red_mushroom":1,"minecraft:dirt":183,"minecraft:cornflower":1,"minecraft:gold_nugget":1,"minecraft:wooden_sword":1,"minecraft:sunflower":13,"minecraft:sand":10,"minecraft:iron_pickaxe":2,"travelersbackpack:backpack_tank":1,"minecraft:birch_log":1,"minecraft:gold_ingot":37,"minecraft:bone":2,"minecraft:gravel":152,"minecraft:stone_axe":2,"minecraft:blackstone":36,"minecraft:sugar_cane":8,"minecraft:iron_nugget":7,"minecraft:cobbled_deepslate":14,"minecraft:wheat":3,"minecraft:beetroot":3,"minecraft:rotten_flesh":63,"minecraft:oak_planks":100,"minecraft:cooked_mutton":58,"minecraft:azure_bluet":1,"minecraft:white_bed":3,"minecraft:carrot":10,"minecraft:oak_fence_gate":1,"minecraft:gunpowder":1,"minecraft:coal_ore":1,"minecraft:beetroot_seeds":7,"minecraft:quartz_block":1,"minecraft:chest":2,"minecraft:iron_ore":1,"minecraft:arrow":33,"minecraft:glass":1,"minecraft:quartz":124,"minecraft:netherrack":4905,"minecraft:egg":2,"minecraft:water_bucket":5,"minecraft:iron_ingot":141,"minecraft:wheat_seeds":159,"travelersbackpack:bookshelf":2,"minecraft:poisonous_potato":1,"minecraft:iron_helmet":1,"minecraft:cobblestone":127,"minecraft:lead":1,"minecraft:granite":213,"minecraft:copper_ingot":1,"minecraft:grass_block":1,"minecraft:coal":16,"minecraft:stick":130,"minecraft:oxeye_daisy":2,"minecraft:gray_wool":2,"minecraft:diorite":135,"minecraft:golden_carrot":13,"minecraft:ink_sac":5,"minecraft:wooden_hoe":2,"minecraft:torch":3,"minecraft:wooden_axe":1,"minecraft:iron_leggings":1,"minecraft:iron_shovel":2,"minecraft:paper":18,"minecraft:string":1,"minecraft:dandelion":15,"minecraft:furnace":1,"minecraft:kelp":28,"minecraft:soul_soil":125,"minecraft:stone_sword":1,"minecraft:raw_copper":41,"minecraft:deepslate":164,"minecraft:light_gray_wool":1,"minecraft:iron_boots":1,"minecraft:stone_slab":11,"minecraft:oak_sign":1,"minecraft:diamond_sword":6,"minecraft:potato":10,"minecraft:stone":71,"minecraft:diamond_pickaxe":18,"minecraft:iron_chestplate":1,"minecraft:andesite":211,"minecraft:oak_sapling":12,"minecraft:wooden_shovel":1,"minecraft:spider_eye":13,"minecraft:bow":1,"minecraft:wooden_pickaxe":1,"minecraft:red_tulip":1,"minecraft:nether_quartz_ore":1,"minecraft:magma_block":39,"minecraft:black_wool":1},"minecraft:custom":{"minecraft:animals_bred":92,"minecraft:interact_with_crafting_table":199,"minecraft:leave_game":10,"minecraft:time_since_death":16360,"minecraft:sprint_one_cm":1818576,"minecraft:damage_blocked_by_shield":4060,"minecraft:drop":533,"minecraft:talked_to_villager":6,"minecraft:play_time":1144081,"minecraft:deaths":13,"minecraft:jump":9908,"minecraft:walk_on_water_one_cm":107676,"minecraft:enchant_item":57,"minecraft:interact_with_furnace":150,"minecraft:sleep_in_bed":39,"minecraft:damage_dealt":43084,"minecraft:player_kills":6,"minecraft:crouch_one_cm":276404,"minecraft:interact_with_smoker":53,"minecraft:horse_one_cm":17,"minecraft:interact_with_smithing_table":28,"minecraft:interact_with_anvil":48,"minecraft:mob_kills":299,"minecraft:walk_one_cm":2705870,"minecraft:sneak_time":70993,"minecraft:walk_under_water_one_cm":431828,"minecraft:boat_one_cm":4936,"minecraft:interact_with_blast_furnace":106,"minecraft:total_world_time":1144081,"minecraft:interact_with_grindstone":43,"minecraft:interact_with_stonecutter":3,"minecraft:time_since_rest":11726,"minecraft:damage_absorbed":79,"minecraft:damage_taken":9829,"minecraft:swim_one_cm":576079,"minecraft:fly_one_cm":1509016,"minecraft:open_chest":602,"minecraft:fall_one_cm":149511},"minecraft:killed_by":{"minecraft:creeper":2,"minecraft:player":2,"minecraft:skeleton":2},"minecraft:picked_up":{"minecraft:wheat":220,"minecraft:smithing_table":1,"minecraft:lead":9,"minecraft:diamond_sword":6,"minecraft:enchanted_book":1,"minecraft:nether_brick":13,"travelersbackpack:emerald":1,"minecraft:string":25,"minecraft:raw_copper":108,"minecraft:soul_soil":139,"minecraft:oak_sign":1,"minecraft:beetroot":3,"minecraft:gold_nugget":278,"minecraft:cobbled_deepslate":107,"minecraft:iron_pickaxe":1,"minecraft:furnace":10,"minecraft:stick":73,"minecraft:oak_fence":8,"minecraft:torch":53,"minecraft:porkchop":32,"minecraft:diorite":207,"travelersbackpack:iron":1,"minecraft:rotten_flesh":55,"minecraft:red_tulip":1,"minecraft:bookshelf":15,"minecraft:obsidian":24,"minecraft:cobblestone":1815,"minecraft:birch_log":1,"minecraft:enchanting_table":2,"minecraft:magma_block":995,"minecraft:feather":1,"minecraft:cooked_beef":23,"minecraft:water_bucket":4,"minecraft:andesite":274,"minecraft:smoker":2,"minecraft:potato":322,"minecraft:flint":19,"minecraft:lapis_lazuli":365,"minecraft:dirt":727,"travelersbackpack:bookshelf":13,"minecraft:bone":30,"minecraft:chipped_anvil":1,"minecraft:bow":2,"minecraft:stonecutter":3,"minecraft:wheat_seeds":653,"minecraft:raw_gold":136,"minecraft:grindstone":2,"minecraft:glowstone_dust":63,"minecraft:oak_planks":202,"minecraft:poisonous_potato":1,"minecraft:sand":542,"minecraft:ink_sac":5,"minecraft:grass_block":1,"travelersbackpack:white_sleeping_bag":3,"minecraft:diamond":159,"minecraft:deepslate":164,"minecraft:granite":238,"minecraft:golden_apple":1,"minecraft:oak_sapling":12,"minecraft:netherrack":6326,"minecraft:diamond_pickaxe":15,"minecraft:crafting_table":13,"minecraft:azure_bluet":1,"minecraft:chicken":3,"minecraft:brown_mushroom":1,"minecraft:cornflower":1,"minecraft:iron_shovel":1,"minecraft:blackstone":36,"travelersbackpack:lapis":2,"minecraft:beef":60,"minecraft:oak_boat":1,"minecraft:light_gray_wool":1,"minecraft:sugar_cane":327,"minecraft:chest":1,"minecraft:egg":3,"minecraft:raw_iron":466,"minecraft:stone":799,"minecraft:copper_ingot":1,"minecraft:fire_charge":1,"minecraft:carrot":599,"minecraft:redstone":43,"minecraft:arrow":42,"minecraft:beetroot_seeds":7,"minecraft:hay_block":2,"minecraft:gold_ingot":13,"minecraft:mutton":46,"minecraft:white_wool":26,"minecraft:oxeye_daisy":2,"minecraft:golden_carrot":1,"minecraft:leather":81,"minecraft:red_mushroom":1,"minecraft:birch_planks":31,"minecraft:oak_log":485,"minecraft:ancient_debris":34,"minecraft:gunpowder":17,"minecraft:wooden_hoe":1,"minecraft:paper":18,"minecraft:white_banner":1,"minecraft:cooked_mutton":12,"minecraft:apple":1,"minecraft:kelp":211,"minecraft:iron_ingot":1,"minecraft:oak_fence_gate":1,"minecraft:iron_ore":1,"minecraft:iron_sword":1,"minecraft:soul_sand":154,"minecraft:book":15,"minecraft:nether_quartz_ore":9,"minecraft:quartz":4473,"minecraft:dandelion":15,"minecraft:gravel":165,"minecraft:blast_furnace":3,"minecraft:white_bed":10,"minecraft:gold_ore":1,"minecraft:crying_obsidian":2,"minecraft:spider_eye":14,"minecraft:coal_ore":1,"minecraft:stone_axe":1,"minecraft:iron_helmet":1,"minecraft:diamond_axe":2,"minecraft:gray_wool":2,"minecraft:baked_potato":1,"minecraft:damaged_anvil":1,"minecraft:black_wool":1,"minecraft:coal":609,"minecraft:sunflower":9,"minecraft:ender_pearl":1}},"DataVersion":3465}