{"stats":{"minecraft:used":{"minecraft:iron_shovel":299,"travelersbackpack:lapis":6,"minecraft:oak_sign":47,"minecraft:chest":8,"minecraft:shield":61,"minecraft:stone":5,"minecraft:soul_sand":1,"minecraft:carrot":173,"travelersbackpack:iron":15,"travelersbackpack:emerald":1,"minecraft:obsidian":10,"minecraft:furnace":10,"minecraft:egg":1,"minecraft:potato":76,"minecraft:diorite":15,"minecraft:oak_planks":1050,"minecraft:stone_pickaxe":133,"minecraft:wooden_pickaxe":11,"minecraft:sugar_cane":29,"minecraft:diamond_axe":643,"minecraft:golden_apple":2,"minecraft:blast_furnace":3,"minecraft:gravel":6,"minecraft:diamond_sword":823,"minecraft:wooden_sword":3,"minecraft:grindstone":1,"minecraft:smithing_table":1,"minecraft:andesite":16,"minecraft:oak_fence":39,"minecraft:enchanting_table":2,"minecraft:stone_sword":13,"minecraft:flint_and_steel":1,"minecraft:stone_shovel":132,"minecraft:wooden_shovel":56,"minecraft:cooked_chicken":1,"minecraft:netherrack":602,"minecraft:torch":194,"minecraft:dirt":272,"minecraft:anvil":1,"minecraft:nether_quartz_ore":7,"minecraft:oak_fence_gate":4,"minecraft:iron_hoe":64,"minecraft:wooden_axe":41,"minecraft:bookshelf":20,"minecraft:golden_carrot":36,"minecraft:cooked_beef":18,"minecraft:iron_leggings":1,"minecraft:wheat_seeds":246,"minecraft:water_bucket":63,"minecraft:lead":1,"minecraft:baked_potato":33,"minecraft:stonecutter":2,"minecraft:crafting_table":16,"minecraft:white_bed":6,"minecraft:smoker":1,"minecraft:oak_log":19,"minecraft:wooden_hoe":87,"minecraft:diamond_pickaxe":10484,"minecraft:diamond_shovel":589,"travelersbackpack:bookshelf":18,"minecraft:iron_pickaxe":751,"minecraft:stone_axe":26,"minecraft:cobblestone":219,"travelersbackpack:standard":1,"minecraft:porkchop":1,"minecraft:bucket":70,"minecraft:kelp":43},"minecraft:picked_up":{"minecraft:wheat":144,"minecraft:lead":9,"minecraft:diamond_sword":3,"minecraft:enchanted_book":1,"minecraft:nether_brick":13,"travelersbackpack:emerald":1,"minecraft:string":23,"minecraft:raw_copper":41,"minecraft:soul_soil":130,"minecraft:beetroot":3,"minecraft:gold_nugget":278,"minecraft:cobbled_deepslate":100,"minecraft:iron_pickaxe":1,"minecraft:furnace":8,"minecraft:stick":9,"minecraft:oak_fence":8,"minecraft:torch":46,"minecraft:porkchop":32,"minecraft:diorite":204,"travelersbackpack:iron":1,"minecraft:rotten_flesh":46,"minecraft:red_tulip":1,"minecraft:obsidian":14,"minecraft:cobblestone":1797,"minecraft:enchanting_table":1,"minecraft:birch_log":1,"minecraft:magma_block":30,"minecraft:feather":1,"minecraft:cooked_beef":23,"minecraft:water_bucket":3,"minecraft:andesite":200,"minecraft:smoker":1,"minecraft:potato":206,"minecraft:flint":13,"minecraft:lapis_lazuli":244,"minecraft:dirt":370,"travelersbackpack:bookshelf":8,"minecraft:bone":22,"minecraft:bow":1,"minecraft:stonecutter":2,"minecraft:wheat_seeds":472,"minecraft:raw_gold":96,"minecraft:glowstone_dust":63,"minecraft:oak_planks":88,"minecraft:poisonous_potato":1,"minecraft:sand":373,"minecraft:ink_sac":5,"minecraft:diamond":76,"minecraft:deepslate":2,"minecraft:granite":183,"minecraft:golden_apple":1,"minecraft:oak_sapling":12,"minecraft:netherrack":3905,"minecraft:diamond_pickaxe":7,"minecraft:crafting_table":13,"minecraft:azure_bluet":1,"minecraft:chicken":3,"minecraft:cornflower":1,"minecraft:iron_shovel":1,"minecraft:blackstone":8,"travelersbackpack:lapis":2,"minecraft:beef":60,"minecraft:light_gray_wool":1,"minecraft:sugar_cane":209,"minecraft:chest":1,"minecraft:egg":3,"minecraft:raw_iron":272,"minecraft:stone":274,"minecraft:copper_ingot":1,"minecraft:fire_charge":1,"minecraft:carrot":447,"minecraft:arrow":33,"minecraft:beetroot_seeds":7,"minecraft:hay_block":2,"minecraft:gold_ingot":11,"minecraft:mutton":46,"minecraft:white_wool":24,"minecraft:oxeye_daisy":2,"minecraft:golden_carrot":1,"minecraft:leather":81,"minecraft:red_mushroom":1,"minecraft:birch_planks":3,"minecraft:oak_log":475,"minecraft:ancient_debris":10,"minecraft:gunpowder":12,"minecraft:wooden_hoe":1,"minecraft:paper":18,"minecraft:white_banner":1,"minecraft:apple":1,"minecraft:kelp":204,"minecraft:iron_ingot":1,"minecraft:iron_sword":1,"minecraft:soul_sand":154,"minecraft:book":15,"minecraft:nether_quartz_ore":7,"minecraft:quartz":2535,"minecraft:dandelion":15,"minecraft:gravel":125,"minecraft:white_bed":9,"minecraft:crying_obsidian":2,"minecraft:spider_eye":13,"minecraft:coal_ore":1,"minecraft:stone_axe":1,"minecraft:iron_helmet":1,"minecraft:diamond_axe":2,"minecraft:gray_wool":2,"minecraft:black_wool":1,"minecraft:coal":580,"minecraft:sunflower":9},"minecraft:broken":{"minecraft:iron_shovel":1,"minecraft:stone_pickaxe":1,"minecraft:stone_shovel":1,"minecraft:shield":1,"minecraft:iron_pickaxe":2,"minecraft:iron_helmet":1,"minecraft:wooden_hoe":1},"minecraft:custom":{"minecraft:animals_bred":83,"minecraft:interact_with_crafting_table":174,"minecraft:leave_game":7,"minecraft:time_since_death":175309,"minecraft:sprint_one_cm":1409396,"minecraft:damage_blocked_by_shield":4060,"minecraft:drop":346,"minecraft:talked_to_villager":6,"minecraft:play_time":839004,"minecraft:deaths":10,"minecraft:jump":7295,"minecraft:walk_on_water_one_cm":67479,"minecraft:enchant_item":16,"minecraft:interact_with_furnace":129,"minecraft:sleep_in_bed":31,"minecraft:damage_dealt":40167,"minecraft:player_kills":3,"minecraft:crouch_one_cm":212212,"minecraft:interact_with_smoker":48,"minecraft:horse_one_cm":17,"minecraft:interact_with_smithing_table":21,"minecraft:mob_kills":260,"minecraft:interact_with_anvil":24,"minecraft:walk_one_cm":2025345,"minecraft:sneak_time":55105,"minecraft:walk_under_water_one_cm":231648,"minecraft:interact_with_blast_furnace":62,"minecraft:total_world_time":839004,"minecraft:interact_with_grindstone":1,"minecraft:interact_with_stonecutter":3,"minecraft:time_since_rest":37053,"minecraft:damage_taken":8004,"minecraft:damage_absorbed":79,"minecraft:swim_one_cm":400327,"minecraft:fly_one_cm":1175379,"minecraft:open_chest":540,"minecraft:fall_one_cm":101238},"minecraft:killed_by":{"minecraft:creeper":2,"minecraft:player":1,"minecraft:skeleton":2},"minecraft:mined":{"minecraft:white_bed":4,"minecraft:farmland":27,"minecraft:obsidian":15,"minecraft:granite":184,"minecraft:grass_block":58,"minecraft:soul_soil":151,"travelersbackpack:iron":1,"minecraft:tall_seagrass":1,"minecraft:magma_block":46,"minecraft:glowstone":26,"minecraft:iron_ore":268,"minecraft:fire":20,"minecraft:deepslate_lapis_ore":2,"minecraft:enchanting_table":1,"minecraft:dirt_path":41,"minecraft:blackstone":3,"minecraft:kelp_plant":55,"minecraft:smoker":1,"minecraft:soul_fire":8,"minecraft:torch":22,"minecraft:chest":1,"minecraft:nether_quartz_ore":2272,"minecraft:cobblestone":6,"minecraft:sugar_cane":117,"minecraft:oak_planks":106,"minecraft:wall_torch":17,"minecraft:seagrass":2,"minecraft:birch_log":1,"minecraft:wheat":180,"minecraft:grass":54,"minecraft:oak_log":499,"minecraft:beetroots":5,"minecraft:sand":248,"minecraft:dirt":305,"minecraft:stonecutter":2,"minecraft:netherrack":5172,"minecraft:ancient_debris":10,"minecraft:oak_leaves":84,"minecraft:deepslate":107,"minecraft:nether_gold_ore":79,"minecraft:diamond_ore":58,"travelersbackpack:lapis":2,"minecraft:deepslate_diamond_ore":9,"travelersbackpack:bookshelf":8,"minecraft:red_mushroom":1,"minecraft:kelp":20,"minecraft:hay_block":2,"minecraft:furnace":8,"minecraft:carrots":156,"minecraft:andesite":202,"minecraft:bookshelf":5,"minecraft:potatoes":67,"minecraft:deepslate_iron_ore":1,"minecraft:stone":2089,"minecraft:soul_sand":149,"minecraft:dandelion":6,"minecraft:oak_fence":15,"minecraft:crafting_table":13,"minecraft:tall_grass":15,"minecraft:copper_ore":9,"minecraft:lapis_ore":38,"minecraft:deepslate_gold_ore":7,"minecraft:diorite":217,"minecraft:birch_planks":42,"minecraft:coal_ore":403,"minecraft:sunflower":5,"minecraft:gravel":121,"minecraft:gold_ore":106},"minecraft:killed":{"minecraft:zombified_piglin":3,"minecraft:spider":18,"minecraft:skeleton":28,"minecraft:chicken":3,"minecraft:magma_cube":12,"minecraft:pig":19,"minecraft:creeper":14,"minecraft:sheep":29,"minecraft:trader_llama":2,"minecraft:zombie":50,"minecraft:cow":36,"minecraft:horse":32,"minecraft:drowned":5,"minecraft:wandering_trader":1,"minecraft:player":2},"minecraft:crafted":{"minecraft:grindstone":1,"minecraft:oak_planks":1568,"minecraft:smooth_stone":17,"travelersbackpack:iron":3,"minecraft:oak_sign":51,"travelersbackpack:crafting_upgrade":1,"minecraft:cooked_chicken":3,"minecraft:stone":88,"minecraft:diamond_shovel":1,"minecraft:bookshelf":20,"minecraft:cooked_mutton":46,"minecraft:quartz_block":568,"minecraft:glass":128,"minecraft:diamond_helmet":1,"minecraft:bow":1,"minecraft:diamond_leggings":1,"minecraft:iron_boots":1,"minecraft:chest":10,"minecraft:oak_fence":48,"travelersbackpack:bookshelf":1,"minecraft:wooden_shovel":1,"travelersbackpack:iron_tier_upgrade":1,"minecraft:cooked_porkchop":20,"minecraft:diamond_axe":1,"minecraft:crafting_table":6,"travelersbackpack:lapis":1,"travelersbackpack:standard":3,"minecraft:baked_potato":89,"minecraft:wooden_pickaxe":1,"minecraft:iron_helmet":1,"minecraft:smithing_table":1,"minecraft:birch_planks":4,"minecraft:wooden_hoe":2,"minecraft:iron_chestplate":1,"minecraft:book":48,"minecraft:paper":144,"minecraft:diamond_pickaxe":8,"minecraft:shield":4,"minecraft:stick":168,"minecraft:stone_slab":12,"minecraft:iron_ingot":233,"minecraft:iron_pickaxe":3,"minecraft:iron_block":3,"minecraft:stone_sword":1,"minecraft:gold_ingot":130,"minecraft:shears":1,"minecraft:golden_carrot":59,"minecraft:wooden_sword":1,"minecraft:stone_shovel":1,"minecraft:furnace":6,"minecraft:blast_furnace":3,"travelersbackpack:blank_upgrade":4,"minecraft:flint_and_steel":1,"travelersbackpack:white_sleeping_bag":1,"minecraft:iron_hoe":1,"minecraft:stone_pickaxe":1,"minecraft:diamond_boots":1,"minecraft:netherite_scrap":5,"minecraft:golden_helmet":1,"minecraft:wheat":18,"minecraft:cooked_beef":59,"minecraft:diamond_sword":1,"minecraft:enchanting_table":1,"travelersbackpack:backpack_tank":4,"minecraft:bucket":3,"minecraft:stone_axe":1,"minecraft:air":0,"minecraft:oak_fence_gate":4,"minecraft:oak_boat":1,"minecraft:golden_apple":1,"minecraft:gold_nugget":504,"minecraft:wooden_axe":1,"minecraft:iron_shovel":2,"minecraft:iron_leggings":1,"minecraft:anvil":1,"minecraft:torch":196,"minecraft:lapis_block":4,"minecraft:diamond_chestplate":1},"minecraft:dropped":{"minecraft:iron_sword":1,"minecraft:soul_sand":82,"minecraft:birch_planks":7,"minecraft:porkchop":4,"minecraft:diamond_axe":2,"minecraft:baked_potato":4,"minecraft:crafting_table":1,"minecraft:red_mushroom":1,"minecraft:dirt":48,"minecraft:cornflower":1,"minecraft:wooden_sword":1,"minecraft:gold_nugget":1,"minecraft:sunflower":13,"minecraft:sand":4,"minecraft:iron_pickaxe":2,"minecraft:birch_log":1,"minecraft:gold_ingot":27,"minecraft:bone":2,"minecraft:gravel":87,"minecraft:stone_axe":2,"minecraft:blackstone":8,"minecraft:cobbled_deepslate":7,"minecraft:wheat":3,"minecraft:beetroot":3,"minecraft:rotten_flesh":54,"minecraft:oak_planks":12,"minecraft:azure_bluet":1,"minecraft:white_bed":3,"minecraft:carrot":9,"minecraft:gunpowder":1,"minecraft:coal_ore":1,"minecraft:beetroot_seeds":7,"minecraft:quartz_block":1,"minecraft:chest":1,"minecraft:arrow":33,"minecraft:quartz":8,"minecraft:netherrack":2701,"minecraft:egg":2,"minecraft:water_bucket":4,"minecraft:wheat_seeds":75,"minecraft:poisonous_potato":1,"minecraft:lead":1,"minecraft:iron_helmet":1,"minecraft:cobblestone":109,"minecraft:granite":158,"minecraft:copper_ingot":1,"minecraft:stick":6,"minecraft:oxeye_daisy":2,"minecraft:gray_wool":2,"minecraft:diorite":132,"minecraft:golden_carrot":13,"minecraft:ink_sac":1,"minecraft:wooden_hoe":2,"minecraft:torch":3,"minecraft:wooden_axe":1,"minecraft:iron_leggings":1,"minecraft:iron_shovel":2,"minecraft:paper":18,"minecraft:string":1,"minecraft:dandelion":15,"minecraft:furnace":1,"minecraft:soul_soil":116,"minecraft:stone_sword":1,"minecraft:raw_copper":41,"minecraft:deepslate":2,"minecraft:light_gray_wool":1,"minecraft:iron_boots":1,"minecraft:stone_slab":11,"minecraft:diamond_sword":3,"minecraft:potato":2,"minecraft:stone":71,"minecraft:diamond_pickaxe":9,"minecraft:iron_chestplate":1,"minecraft:andesite":137,"minecraft:oak_sapling":12,"minecraft:wooden_shovel":1,"minecraft:spider_eye":13,"minecraft:wooden_pickaxe":1,"minecraft:red_tulip":1,"minecraft:black_wool":1}},"DataVersion":3465}