{"stats":{"minecraft:custom":{"minecraft:animals_bred":75,"minecraft:interact_with_crafting_table":164,"minecraft:leave_game":4,"minecraft:time_since_death":11961,"minecraft:sprint_one_cm":1253298,"minecraft:damage_blocked_by_shield":3640,"minecraft:drop":256,"minecraft:talked_to_villager":6,"minecraft:play_time":675656,"minecraft:deaths":10,"minecraft:jump":6253,"minecraft:walk_on_water_one_cm":61481,"minecraft:enchant_item":12,"minecraft:interact_with_furnace":125,"minecraft:sleep_in_bed":30,"minecraft:damage_dealt":38006,"minecraft:player_kills":2,"minecraft:crouch_one_cm":141149,"minecraft:interact_with_smoker":40,"minecraft:horse_one_cm":17,"minecraft:interact_with_smithing_table":16,"minecraft:mob_kills":241,"minecraft:interact_with_anvil":16,"minecraft:walk_one_cm":1636328,"minecraft:sneak_time":36705,"minecraft:walk_under_water_one_cm":188216,"minecraft:interact_with_blast_furnace":42,"minecraft:total_world_time":675656,"minecraft:interact_with_grindstone":1,"minecraft:interact_with_stonecutter":3,"minecraft:time_since_rest":12041,"minecraft:damage_taken":7001,"minecraft:damage_absorbed":39,"minecraft:swim_one_cm":372822,"minecraft:fly_one_cm":1080765,"minecraft:open_chest":515,"minecraft:fall_one_cm":89424},"minecraft:used":{"minecraft:iron_shovel":299,"travelersbackpack:lapis":6,"minecraft:oak_sign":47,"minecraft:chest":8,"minecraft:shield":54,"minecraft:stone":1,"minecraft:soul_sand":1,"minecraft:carrot":130,"travelersbackpack:iron":15,"travelersbackpack:emerald":1,"minecraft:obsidian":10,"minecraft:furnace":10,"minecraft:egg":1,"minecraft:potato":76,"minecraft:diorite":15,"minecraft:oak_planks":1050,"minecraft:stone_pickaxe":133,"minecraft:wooden_pickaxe":11,"minecraft:sugar_cane":29,"minecraft:diamond_axe":592,"minecraft:golden_apple":1,"minecraft:blast_furnace":3,"minecraft:gravel":6,"minecraft:diamond_sword":764,"minecraft:wooden_sword":3,"minecraft:grindstone":1,"minecraft:smithing_table":1,"minecraft:andesite":16,"minecraft:oak_fence":39,"minecraft:enchanting_table":2,"minecraft:stone_sword":13,"minecraft:flint_and_steel":1,"minecraft:stone_shovel":132,"minecraft:wooden_shovel":56,"minecraft:cooked_chicken":1,"minecraft:netherrack":155,"minecraft:torch":183,"minecraft:dirt":231,"minecraft:anvil":1,"minecraft:nether_quartz_ore":3,"minecraft:oak_fence_gate":4,"minecraft:iron_hoe":62,"minecraft:wooden_axe":41,"minecraft:bookshelf":20,"minecraft:golden_carrot":29,"minecraft:cooked_beef":12,"minecraft:iron_leggings":1,"minecraft:wheat_seeds":227,"minecraft:water_bucket":62,"minecraft:lead":1,"minecraft:baked_potato":33,"minecraft:stonecutter":2,"minecraft:crafting_table":16,"minecraft:white_bed":6,"minecraft:smoker":1,"minecraft:oak_log":19,"minecraft:wooden_hoe":87,"minecraft:diamond_pickaxe":6237,"minecraft:diamond_shovel":395,"travelersbackpack:bookshelf":14,"minecraft:iron_pickaxe":751,"minecraft:stone_axe":26,"minecraft:cobblestone":207,"travelersbackpack:standard":1,"minecraft:porkchop":1,"minecraft:bucket":69,"minecraft:kelp":43},"minecraft:dropped":{"minecraft:iron_sword":1,"minecraft:birch_planks":4,"minecraft:porkchop":4,"minecraft:diamond_axe":2,"minecraft:baked_potato":4,"minecraft:crafting_table":1,"minecraft:dirt":34,"minecraft:cornflower":1,"minecraft:wooden_sword":1,"minecraft:gold_nugget":1,"minecraft:sunflower":13,"minecraft:iron_pickaxe":2,"minecraft:birch_log":1,"minecraft:bone":2,"minecraft:gravel":61,"minecraft:stone_axe":2,"minecraft:cobbled_deepslate":7,"minecraft:beetroot":3,"minecraft:rotten_flesh":54,"minecraft:oak_planks":7,"minecraft:azure_bluet":1,"minecraft:white_bed":3,"minecraft:carrot":9,"minecraft:gunpowder":1,"minecraft:beetroot_seeds":7,"minecraft:chest":1,"minecraft:arrow":27,"minecraft:netherrack":1162,"minecraft:egg":2,"minecraft:water_bucket":4,"minecraft:wheat_seeds":75,"minecraft:poisonous_potato":1,"minecraft:lead":1,"minecraft:cobblestone":109,"minecraft:granite":141,"minecraft:stick":6,"minecraft:oxeye_daisy":2,"minecraft:gray_wool":2,"minecraft:diorite":113,"minecraft:golden_carrot":13,"minecraft:ink_sac":1,"minecraft:torch":3,"minecraft:wooden_hoe":2,"minecraft:wooden_axe":1,"minecraft:iron_leggings":1,"minecraft:iron_shovel":2,"minecraft:paper":18,"minecraft:string":1,"minecraft:dandelion":15,"minecraft:furnace":1,"minecraft:soul_soil":30,"minecraft:stone_sword":1,"minecraft:raw_copper":41,"minecraft:light_gray_wool":1,"minecraft:iron_boots":1,"minecraft:stone_slab":11,"minecraft:diamond_sword":2,"minecraft:potato":2,"minecraft:diamond_pickaxe":6,"minecraft:iron_chestplate":1,"minecraft:andesite":127,"minecraft:oak_sapling":12,"minecraft:wooden_shovel":1,"minecraft:spider_eye":13,"minecraft:wooden_pickaxe":1,"minecraft:red_tulip":1,"minecraft:black_wool":1},"minecraft:broken":{"minecraft:iron_shovel":1,"minecraft:stone_pickaxe":1,"minecraft:stone_shovel":1,"minecraft:shield":1,"minecraft:iron_pickaxe":2,"minecraft:iron_helmet":1,"minecraft:wooden_hoe":1},"minecraft:crafted":{"minecraft:grindstone":1,"minecraft:oak_planks":1568,"minecraft:smooth_stone":17,"travelersbackpack:iron":3,"minecraft:oak_sign":51,"travelersbackpack:crafting_upgrade":1,"minecraft:cooked_chicken":3,"minecraft:stone":88,"minecraft:diamond_shovel":1,"minecraft:bookshelf":20,"minecraft:cooked_mutton":46,"minecraft:quartz_block":192,"minecraft:glass":128,"minecraft:diamond_helmet":1,"minecraft:diamond_leggings":1,"minecraft:iron_boots":1,"minecraft:chest":10,"minecraft:oak_fence":48,"travelersbackpack:bookshelf":1,"minecraft:wooden_shovel":1,"travelersbackpack:iron_tier_upgrade":1,"minecraft:cooked_porkchop":20,"minecraft:diamond_axe":1,"minecraft:crafting_table":6,"travelersbackpack:lapis":1,"travelersbackpack:standard":3,"minecraft:baked_potato":89,"minecraft:wooden_pickaxe":1,"minecraft:iron_helmet":1,"minecraft:smithing_table":1,"minecraft:birch_planks":4,"minecraft:wooden_hoe":2,"minecraft:iron_chestplate":1,"minecraft:book":48,"minecraft:paper":144,"minecraft:diamond_pickaxe":5,"minecraft:shield":4,"minecraft:stick":168,"minecraft:stone_slab":12,"minecraft:iron_ingot":204,"minecraft:iron_pickaxe":3,"minecraft:iron_block":3,"minecraft:stone_sword":1,"minecraft:gold_ingot":60,"minecraft:shears":1,"minecraft:golden_carrot":46,"minecraft:wooden_sword":1,"minecraft:stone_shovel":1,"minecraft:furnace":6,"minecraft:blast_furnace":3,"travelersbackpack:blank_upgrade":4,"minecraft:flint_and_steel":1,"travelersbackpack:white_sleeping_bag":1,"minecraft:iron_hoe":1,"minecraft:stone_pickaxe":1,"minecraft:diamond_boots":1,"minecraft:netherite_scrap":3,"minecraft:wheat":18,"minecraft:cooked_beef":19,"minecraft:diamond_sword":1,"minecraft:enchanting_table":1,"travelersbackpack:backpack_tank":4,"minecraft:bucket":3,"minecraft:stone_axe":1,"minecraft:air":0,"minecraft:oak_fence_gate":4,"minecraft:golden_apple":1,"minecraft:gold_nugget":396,"minecraft:wooden_axe":1,"minecraft:iron_shovel":2,"minecraft:iron_leggings":1,"minecraft:anvil":1,"minecraft:torch":196,"minecraft:lapis_block":4,"minecraft:diamond_chestplate":1},"minecraft:mined":{"minecraft:white_bed":4,"minecraft:farmland":27,"minecraft:obsidian":15,"minecraft:granite":167,"minecraft:grass_block":58,"minecraft:soul_soil":46,"travelersbackpack:iron":1,"minecraft:tall_seagrass":1,"minecraft:glowstone":26,"minecraft:iron_ore":239,"minecraft:deepslate_lapis_ore":2,"minecraft:enchanting_table":1,"minecraft:dirt_path":41,"minecraft:kelp_plant":55,"minecraft:smoker":1,"minecraft:torch":17,"minecraft:chest":1,"minecraft:nether_quartz_ore":1143,"minecraft:cobblestone":6,"minecraft:sugar_cane":100,"minecraft:oak_planks":106,"minecraft:wall_torch":14,"minecraft:seagrass":2,"minecraft:birch_log":1,"minecraft:wheat":161,"minecraft:grass":54,"minecraft:oak_log":499,"minecraft:beetroots":5,"minecraft:sand":244,"minecraft:dirt":291,"minecraft:stonecutter":2,"minecraft:netherrack":2585,"minecraft:ancient_debris":3,"minecraft:oak_leaves":84,"minecraft:deepslate":105,"minecraft:nether_gold_ore":36,"minecraft:diamond_ore":58,"travelersbackpack:lapis":2,"minecraft:deepslate_diamond_ore":7,"travelersbackpack:bookshelf":7,"minecraft:kelp":20,"minecraft:hay_block":2,"minecraft:furnace":8,"minecraft:carrots":114,"minecraft:andesite":192,"minecraft:bookshelf":5,"minecraft:potatoes":67,"minecraft:deepslate_iron_ore":1,"minecraft:stone":1804,"minecraft:soul_sand":110,"minecraft:dandelion":6,"minecraft:oak_fence":15,"minecraft:crafting_table":13,"minecraft:tall_grass":15,"minecraft:copper_ore":9,"minecraft:lapis_ore":38,"minecraft:deepslate_gold_ore":4,"minecraft:diorite":198,"minecraft:coal_ore":383,"minecraft:sunflower":5,"minecraft:gravel":85,"minecraft:gold_ore":70},"minecraft:killed":{"minecraft:zombified_piglin":3,"minecraft:spider":18,"minecraft:skeleton":23,"minecraft:chicken":3,"minecraft:pig":19,"minecraft:creeper":14,"minecraft:sheep":29,"minecraft:trader_llama":2,"minecraft:zombie":48,"minecraft:cow":36,"minecraft:horse":32,"minecraft:drowned":5,"minecraft:wandering_trader":1,"minecraft:player":1},"minecraft:killed_by":{"minecraft:creeper":2,"minecraft:player":1,"minecraft:skeleton":2},"minecraft:picked_up":{"minecraft:wheat":127,"minecraft:lead":9,"minecraft:diamond_sword":2,"travelersbackpack:emerald":1,"minecraft:string":17,"minecraft:raw_copper":41,"minecraft:soul_soil":44,"minecraft:beetroot":3,"minecraft:gold_nugget":144,"minecraft:cobbled_deepslate":100,"minecraft:iron_pickaxe":1,"minecraft:furnace":8,"minecraft:stick":9,"minecraft:oak_fence":8,"minecraft:torch":41,"minecraft:porkchop":32,"minecraft:diorite":185,"travelersbackpack:iron":1,"minecraft:rotten_flesh":46,"minecraft:red_tulip":1,"minecraft:obsidian":14,"minecraft:cobblestone":1785,"minecraft:enchanting_table":1,"minecraft:birch_log":1,"minecraft:feather":1,"minecraft:cooked_beef":23,"minecraft:water_bucket":3,"minecraft:andesite":190,"minecraft:smoker":1,"minecraft:potato":206,"minecraft:flint":10,"minecraft:lapis_lazuli":244,"minecraft:dirt":356,"travelersbackpack:bookshelf":7,"minecraft:bone":21,"minecraft:stonecutter":2,"minecraft:wheat_seeds":430,"minecraft:raw_gold":57,"minecraft:glowstone_dust":63,"minecraft:oak_planks":88,"minecraft:poisonous_potato":1,"minecraft:sand":369,"minecraft:ink_sac":5,"minecraft:diamond":74,"minecraft:granite":166,"minecraft:golden_apple":1,"minecraft:oak_sapling":12,"minecraft:netherrack":2049,"minecraft:diamond_pickaxe":5,"minecraft:crafting_table":13,"minecraft:azure_bluet":1,"minecraft:chicken":3,"minecraft:cornflower":1,"minecraft:iron_shovel":1,"travelersbackpack:lapis":2,"minecraft:beef":60,"minecraft:light_gray_wool":1,"minecraft:sugar_cane":177,"minecraft:chest":1,"minecraft:egg":3,"minecraft:raw_iron":243,"minecraft:stone":1,"minecraft:carrot":301,"minecraft:arrow":27,"minecraft:beetroot_seeds":7,"minecraft:hay_block":2,"minecraft:mutton":46,"minecraft:white_wool":24,"minecraft:oxeye_daisy":2,"minecraft:golden_carrot":1,"minecraft:leather":75,"minecraft:oak_log":475,"minecraft:ancient_debris":3,"minecraft:gunpowder":12,"minecraft:wooden_hoe":1,"minecraft:paper":18,"minecraft:white_banner":1,"minecraft:apple":1,"minecraft:kelp":204,"minecraft:iron_ingot":1,"minecraft:iron_sword":1,"minecraft:soul_sand":109,"minecraft:book":15,"minecraft:nether_quartz_ore":3,"minecraft:quartz":1101,"minecraft:dandelion":15,"minecraft:gravel":74,"minecraft:white_bed":9,"minecraft:spider_eye":13,"minecraft:stone_axe":1,"minecraft:diamond_axe":2,"minecraft:gray_wool":2,"minecraft:black_wool":1,"minecraft:coal":561,"minecraft:sunflower":9}},"DataVersion":3465}