{"stats":{"minecraft:custom":{"minecraft:mob_kills":15,"minecraft:interact_with_crafting_table":66,"minecraft:leave_game":2,"minecraft:time_since_death":229905,"minecraft:sprint_one_cm":388625,"minecraft:walk_one_cm":501721,"minecraft:damage_blocked_by_shield":345,"minecraft:drop":99,"minecraft:talked_to_villager":6,"minecraft:play_time":229905,"minecraft:sneak_time":18328,"minecraft:walk_under_water_one_cm":49715,"minecraft:jump":1868,"minecraft:walk_on_water_one_cm":20017,"minecraft:total_world_time":229905,"minecraft:interact_with_furnace":65,"minecraft:interact_with_stonecutter":2,"minecraft:sleep_in_bed":16,"minecraft:time_since_rest":13076,"minecraft:damage_taken":705,"minecraft:damage_dealt":2643,"minecraft:swim_one_cm":63725,"minecraft:fly_one_cm":282124,"minecraft:open_chest":124,"minecraft:crouch_one_cm":68376,"minecraft:interact_with_smoker":3,"minecraft:fall_one_cm":22519},"minecraft:killed":{"minecraft:zombified_piglin":2,"minecraft:spider":2,"minecraft:skeleton":1,"minecraft:chicken":1,"minecraft:drowned":2,"minecraft:pig":1,"minecraft:wandering_trader":1,"minecraft:creeper":2,"minecraft:trader_llama":2,"minecraft:zombie":1},"minecraft:picked_up":{"minecraft:crafting_table":10,"minecraft:wheat":16,"minecraft:chicken":1,"minecraft:lead":8,"minecraft:raw_copper":8,"minecraft:soul_soil":4,"minecraft:beetroot":3,"minecraft:cobbled_deepslate":41,"minecraft:iron_pickaxe":1,"minecraft:sugar_cane":53,"minecraft:egg":2,"minecraft:furnace":8,"minecraft:stick":8,"minecraft:raw_iron":107,"minecraft:oak_fence":1,"minecraft:torch":22,"minecraft:porkchop":1,"minecraft:diorite":98,"minecraft:carrot":96,"minecraft:rotten_flesh":2,"minecraft:arrow":1,"minecraft:beetroot_seeds":7,"minecraft:hay_block":2,"minecraft:obsidian":13,"minecraft:cobblestone":663,"minecraft:oxeye_daisy":2,"minecraft:andesite":108,"minecraft:leather":3,"minecraft:smoker":1,"minecraft:potato":46,"minecraft:flint":6,"minecraft:oak_log":475,"minecraft:ancient_debris":3,"minecraft:gunpowder":1,"minecraft:lapis_lazuli":23,"minecraft:wooden_hoe":1,"minecraft:dirt":187,"minecraft:apple":1,"minecraft:kelp":204,"minecraft:stonecutter":1,"minecraft:wheat_seeds":67,"minecraft:raw_gold":28,"minecraft:iron_ingot":1,"minecraft:oak_planks":78,"minecraft:soul_sand":4,"minecraft:quartz":21,"minecraft:dandelion":14,"minecraft:gravel":26,"minecraft:sand":241,"minecraft:white_bed":4,"minecraft:spider_eye":1,"minecraft:diamond":22,"minecraft:stone_axe":1,"minecraft:granite":77,"minecraft:diamond_axe":1,"minecraft:golden_apple":1,"minecraft:oak_sapling":11,"minecraft:netherrack":96,"minecraft:coal":244,"minecraft:sunflower":1},"minecraft:crafted":{"minecraft:golden_carrot":30,"minecraft:wooden_sword":1,"minecraft:oak_planks":1184,"minecraft:stone_shovel":1,"minecraft:oak_sign":51,"minecraft:cooked_chicken":1,"minecraft:furnace":2,"minecraft:flint_and_steel":1,"minecraft:iron_boots":1,"minecraft:stone_pickaxe":1,"minecraft:chest":7,"minecraft:netherite_scrap":3,"minecraft:oak_fence":27,"minecraft:wooden_shovel":1,"minecraft:diamond_sword":1,"minecraft:diamond_axe":1,"minecraft:crafting_table":4,"minecraft:iron_helmet":1,"minecraft:wooden_pickaxe":1,"minecraft:baked_potato":9,"minecraft:bucket":1,"minecraft:stone_axe":1,"minecraft:air":0,"minecraft:oak_fence_gate":2,"minecraft:paper":30,"minecraft:iron_chestplate":1,"minecraft:wooden_hoe":2,"minecraft:diamond_pickaxe":1,"minecraft:gold_nugget":261,"minecraft:shield":2,"minecraft:stick":136,"minecraft:iron_ingot":99,"minecraft:iron_pickaxe":3,"minecraft:wooden_axe":1,"minecraft:stone_sword":1,"minecraft:iron_shovel":2,"minecraft:iron_leggings":1,"minecraft:gold_ingot":29,"minecraft:torch":60},"minecraft:dropped":{"minecraft:wheat_seeds":26,"minecraft:diamond_axe":1,"minecraft:cobblestone":2,"minecraft:granite":77,"minecraft:stick":6,"minecraft:oxeye_daisy":2,"minecraft:dirt":17,"minecraft:diorite":68,"minecraft:golden_carrot":12,"minecraft:wooden_hoe":2,"minecraft:torch":3,"minecraft:wooden_axe":1,"minecraft:wooden_sword":1,"minecraft:sunflower":1,"minecraft:iron_pickaxe":2,"minecraft:dandelion":14,"minecraft:gravel":23,"minecraft:stone_axe":2,"minecraft:stone_sword":1,"minecraft:raw_copper":8,"minecraft:beetroot":3,"minecraft:rotten_flesh":1,"minecraft:oak_planks":5,"minecraft:white_bed":1,"minecraft:carrot":9,"minecraft:potato":2,"minecraft:andesite":71,"minecraft:beetroot_seeds":7,"minecraft:wooden_shovel":1,"minecraft:oak_sapling":11,"minecraft:spider_eye":1,"minecraft:arrow":1,"minecraft:wooden_pickaxe":1,"minecraft:egg":2},"minecraft:mined":{"minecraft:diamond_ore":22,"minecraft:white_bed":2,"minecraft:farmland":27,"minecraft:obsidian":14,"minecraft:granite":77,"minecraft:grass_block":32,"minecraft:soul_soil":4,"minecraft:kelp":20,"minecraft:hay_block":2,"minecraft:tall_seagrass":1,"minecraft:furnace":8,"minecraft:carrots":53,"minecraft:iron_ore":100,"minecraft:andesite":110,"minecraft:potatoes":21,"minecraft:dirt_path":41,"minecraft:stone":671,"minecraft:soul_sand":4,"minecraft:kelp_plant":55,"minecraft:smoker":1,"minecraft:oak_fence":1,"minecraft:dandelion":6,"minecraft:crafting_table":10,"minecraft:torch":6,"minecraft:tall_grass":3,"minecraft:nether_quartz_ore":21,"minecraft:copper_ore":3,"minecraft:lapis_ore":4,"minecraft:deepslate_gold_ore":4,"minecraft:sugar_cane":23,"minecraft:oak_planks":96,"minecraft:diorite":98,"minecraft:wall_torch":9,"minecraft:seagrass":2,"minecraft:wheat":32,"minecraft:grass":17,"minecraft:oak_log":499,"minecraft:coal_ore":66,"minecraft:beetroots":5,"minecraft:sunflower":3,"minecraft:sand":244,"minecraft:gravel":32,"minecraft:dirt":117,"minecraft:stonecutter":1,"minecraft:netherrack":96,"minecraft:ancient_debris":3,"minecraft:gold_ore":24,"minecraft:oak_leaves":73,"minecraft:deepslate":42},"minecraft:used":{"minecraft:oak_fence":20,"minecraft:stone_sword":13,"minecraft:iron_shovel":299,"minecraft:flint_and_steel":1,"minecraft:stone_shovel":132,"minecraft:oak_sign":47,"minecraft:chest":6,"minecraft:shield":6,"minecraft:wooden_shovel":56,"minecraft:cooked_chicken":1,"minecraft:torch":75,"minecraft:soul_sand":1,"minecraft:dirt":137,"minecraft:carrot":40,"minecraft:oak_fence_gate":2,"minecraft:obsidian":10,"minecraft:wooden_axe":41,"minecraft:golden_carrot":12,"minecraft:furnace":10,"minecraft:potato":30,"minecraft:iron_leggings":1,"minecraft:wheat_seeds":18,"minecraft:water_bucket":41,"minecraft:diorite":4,"minecraft:stone_pickaxe":133,"minecraft:baked_potato":6,"minecraft:oak_planks":944,"minecraft:wooden_pickaxe":11,"minecraft:sugar_cane":8,"minecraft:stonecutter":1,"minecraft:diamond_axe":552,"minecraft:crafting_table":13,"minecraft:white_bed":3,"minecraft:smoker":1,"minecraft:oak_log":19,"minecraft:wooden_hoe":76,"minecraft:diamond_pickaxe":485,"minecraft:iron_pickaxe":751,"minecraft:gravel":3,"minecraft:stone_axe":26,"minecraft:diamond_sword":111,"minecraft:wooden_sword":3,"minecraft:cobblestone":61,"minecraft:porkchop":1,"minecraft:andesite":16,"minecraft:bucket":42,"minecraft:kelp":43},"minecraft:broken":{"minecraft:iron_shovel":1,"minecraft:stone_pickaxe":1,"minecraft:iron_pickaxe":2,"minecraft:stone_shovel":1}},"DataVersion":3465}