{"stats":{"minecraft:custom":{"minecraft:animals_bred":51,"minecraft:interact_with_crafting_table":162,"minecraft:leave_game":4,"minecraft:time_since_death":62572,"minecraft:sprint_one_cm":1142742,"minecraft:damage_blocked_by_shield":3085,"minecraft:drop":214,"minecraft:talked_to_villager":6,"minecraft:play_time":581599,"minecraft:deaths":8,"minecraft:jump":5448,"minecraft:walk_on_water_one_cm":59833,"minecraft:enchant_item":6,"minecraft:interact_with_furnace":125,"minecraft:sleep_in_bed":30,"minecraft:damage_dealt":33250,"minecraft:player_kills":2,"minecraft:crouch_one_cm":113601,"minecraft:interact_with_smoker":38,"minecraft:horse_one_cm":17,"minecraft:interact_with_smithing_table":15,"minecraft:mob_kills":200,"minecraft:interact_with_anvil":13,"minecraft:walk_one_cm":1348585,"minecraft:sneak_time":30248,"minecraft:walk_under_water_one_cm":162093,"minecraft:interact_with_blast_furnace":42,"minecraft:total_world_time":581599,"minecraft:interact_with_stonecutter":3,"minecraft:time_since_rest":14130,"minecraft:damage_taken":5916,"minecraft:damage_absorbed":39,"minecraft:swim_one_cm":348020,"minecraft:fly_one_cm":1019171,"minecraft:open_chest":490,"minecraft:fall_one_cm":79904},"minecraft:killed":{"minecraft:zombified_piglin":3,"minecraft:spider":16,"minecraft:skeleton":17,"minecraft:chicken":3,"minecraft:pig":19,"minecraft:creeper":13,"minecraft:sheep":29,"minecraft:trader_llama":2,"minecraft:zombie":45,"minecraft:cow":12,"minecraft:horse":32,"minecraft:drowned":5,"minecraft:wandering_trader":1,"minecraft:player":1},"minecraft:crafted":{"minecraft:oak_planks":1568,"minecraft:smooth_stone":17,"travelersbackpack:iron":3,"minecraft:oak_sign":51,"travelersbackpack:crafting_upgrade":1,"minecraft:cooked_chicken":3,"minecraft:stone":88,"minecraft:diamond_shovel":1,"minecraft:bookshelf":15,"minecraft:cooked_mutton":46,"minecraft:glass":128,"minecraft:diamond_helmet":1,"minecraft:diamond_leggings":1,"minecraft:iron_boots":1,"minecraft:chest":10,"minecraft:oak_fence":48,"travelersbackpack:bookshelf":1,"minecraft:wooden_shovel":1,"travelersbackpack:iron_tier_upgrade":1,"minecraft:cooked_porkchop":20,"minecraft:diamond_axe":1,"minecraft:crafting_table":6,"travelersbackpack:lapis":1,"minecraft:iron_helmet":1,"minecraft:wooden_pickaxe":1,"minecraft:baked_potato":37,"travelersbackpack:standard":3,"minecraft:smithing_table":1,"minecraft:birch_planks":4,"minecraft:wooden_hoe":2,"minecraft:iron_chestplate":1,"minecraft:book":34,"minecraft:paper":120,"minecraft:diamond_pickaxe":2,"minecraft:shield":4,"minecraft:stick":168,"minecraft:iron_ingot":204,"minecraft:iron_pickaxe":3,"minecraft:iron_block":3,"minecraft:stone_sword":1,"minecraft:gold_ingot":60,"minecraft:shears":1,"minecraft:golden_carrot":46,"minecraft:wooden_sword":1,"minecraft:stone_shovel":1,"minecraft:furnace":6,"minecraft:blast_furnace":3,"travelersbackpack:blank_upgrade":4,"minecraft:flint_and_steel":1,"travelersbackpack:white_sleeping_bag":1,"minecraft:iron_hoe":1,"minecraft:stone_pickaxe":1,"minecraft:diamond_boots":1,"minecraft:netherite_scrap":3,"minecraft:wheat":18,"minecraft:cooked_beef":19,"minecraft:diamond_sword":1,"minecraft:enchanting_table":1,"travelersbackpack:backpack_tank":4,"minecraft:bucket":3,"minecraft:stone_axe":1,"minecraft:air":0,"minecraft:oak_fence_gate":4,"minecraft:golden_apple":1,"minecraft:gold_nugget":396,"minecraft:wooden_axe":1,"minecraft:iron_shovel":2,"minecraft:iron_leggings":1,"minecraft:anvil":1,"minecraft:torch":196,"minecraft:lapis_block":4,"minecraft:diamond_chestplate":1},"minecraft:picked_up":{"minecraft:wheat":105,"minecraft:diamond_sword":2,"minecraft:lead":9,"travelersbackpack:emerald":1,"minecraft:string":12,"minecraft:raw_copper":32,"minecraft:soul_soil":4,"minecraft:beetroot":3,"minecraft:cobbled_deepslate":100,"minecraft:iron_pickaxe":1,"minecraft:furnace":8,"minecraft:stick":9,"minecraft:oak_fence":8,"minecraft:torch":37,"minecraft:porkchop":32,"minecraft:diorite":167,"travelersbackpack:iron":1,"minecraft:rotten_flesh":41,"minecraft:red_tulip":1,"minecraft:obsidian":14,"minecraft:cobblestone":1589,"minecraft:enchanting_table":1,"minecraft:birch_log":1,"minecraft:feather":1,"minecraft:cooked_beef":4,"minecraft:water_bucket":3,"minecraft:andesite":190,"minecraft:smoker":1,"minecraft:potato":206,"minecraft:flint":9,"minecraft:dirt":341,"minecraft:lapis_lazuli":131,"travelersbackpack:bookshelf":4,"minecraft:bone":17,"minecraft:stonecutter":2,"minecraft:wheat_seeds":361,"minecraft:raw_gold":57,"minecraft:oak_planks":88,"minecraft:poisonous_potato":1,"minecraft:sand":369,"minecraft:ink_sac":1,"minecraft:diamond":74,"minecraft:granite":162,"minecraft:golden_apple":1,"minecraft:oak_sapling":12,"minecraft:netherrack":96,"minecraft:diamond_pickaxe":3,"minecraft:crafting_table":13,"minecraft:azure_bluet":1,"minecraft:chicken":3,"minecraft:cornflower":1,"minecraft:iron_shovel":1,"travelersbackpack:lapis":1,"minecraft:beef":27,"minecraft:light_gray_wool":1,"minecraft:sugar_cane":152,"minecraft:chest":1,"minecraft:egg":3,"minecraft:raw_iron":223,"minecraft:carrot":301,"minecraft:arrow":19,"minecraft:beetroot_seeds":7,"minecraft:hay_block":2,"minecraft:mutton":46,"minecraft:white_wool":24,"minecraft:oxeye_daisy":2,"minecraft:leather":50,"minecraft:oak_log":475,"minecraft:ancient_debris":3,"minecraft:gunpowder":10,"minecraft:wooden_hoe":1,"minecraft:white_banner":1,"minecraft:apple":1,"minecraft:kelp":204,"minecraft:iron_ingot":1,"minecraft:iron_sword":1,"minecraft:soul_sand":4,"minecraft:book":15,"minecraft:quartz":21,"minecraft:dandelion":15,"minecraft:gravel":71,"minecraft:white_bed":9,"minecraft:spider_eye":13,"minecraft:stone_axe":1,"minecraft:diamond_axe":2,"minecraft:gray_wool":2,"minecraft:black_wool":1,"minecraft:coal":510,"minecraft:sunflower":9},"minecraft:dropped":{"minecraft:iron_sword":1,"minecraft:birch_planks":4,"minecraft:porkchop":4,"minecraft:diamond_axe":2,"minecraft:baked_potato":4,"minecraft:crafting_table":1,"minecraft:dirt":34,"minecraft:cornflower":1,"minecraft:wooden_sword":1,"minecraft:gold_nugget":1,"minecraft:sunflower":13,"minecraft:iron_pickaxe":2,"minecraft:birch_log":1,"minecraft:gravel":58,"minecraft:stone_axe":2,"minecraft:cobbled_deepslate":7,"minecraft:beetroot":3,"minecraft:rotten_flesh":49,"minecraft:oak_planks":7,"minecraft:azure_bluet":1,"minecraft:white_bed":3,"minecraft:carrot":9,"minecraft:gunpowder":1,"minecraft:beetroot_seeds":7,"minecraft:chest":1,"minecraft:arrow":19,"minecraft:egg":2,"minecraft:water_bucket":4,"minecraft:wheat_seeds":74,"minecraft:poisonous_potato":1,"minecraft:cobblestone":109,"minecraft:lead":1,"minecraft:granite":125,"minecraft:stick":6,"minecraft:oxeye_daisy":2,"minecraft:gray_wool":2,"minecraft:diorite":92,"minecraft:golden_carrot":12,"minecraft:ink_sac":1,"minecraft:torch":3,"minecraft:wooden_hoe":2,"minecraft:wooden_axe":1,"minecraft:iron_leggings":1,"minecraft:iron_shovel":2,"minecraft:string":1,"minecraft:dandelion":15,"minecraft:furnace":1,"minecraft:stone_sword":1,"minecraft:raw_copper":32,"minecraft:light_gray_wool":1,"minecraft:iron_boots":1,"minecraft:diamond_sword":2,"minecraft:potato":2,"minecraft:iron_chestplate":1,"minecraft:diamond_pickaxe":3,"minecraft:andesite":115,"minecraft:oak_sapling":12,"minecraft:wooden_shovel":1,"minecraft:spider_eye":13,"minecraft:wooden_pickaxe":1,"minecraft:red_tulip":1,"minecraft:black_wool":1},"minecraft:mined":{"minecraft:white_bed":4,"minecraft:farmland":27,"minecraft:obsidian":15,"minecraft:granite":163,"minecraft:grass_block":55,"minecraft:soul_soil":4,"travelersbackpack:iron":1,"minecraft:tall_seagrass":1,"minecraft:iron_ore":218,"minecraft:deepslate_lapis_ore":2,"minecraft:enchanting_table":1,"minecraft:dirt_path":41,"minecraft:kelp_plant":55,"minecraft:smoker":1,"minecraft:torch":15,"minecraft:chest":1,"minecraft:nether_quartz_ore":21,"minecraft:cobblestone":6,"minecraft:sugar_cane":83,"minecraft:oak_planks":106,"minecraft:wall_torch":12,"minecraft:seagrass":2,"minecraft:birch_log":1,"minecraft:wheat":133,"minecraft:grass":52,"minecraft:oak_log":499,"minecraft:beetroots":5,"minecraft:sand":244,"minecraft:dirt":279,"minecraft:stonecutter":2,"minecraft:netherrack":96,"minecraft:ancient_debris":3,"minecraft:oak_leaves":84,"minecraft:deepslate":105,"minecraft:diamond_ore":58,"travelersbackpack:lapis":1,"minecraft:deepslate_diamond_ore":7,"travelersbackpack:bookshelf":4,"minecraft:kelp":20,"minecraft:hay_block":2,"minecraft:furnace":8,"minecraft:carrots":114,"minecraft:andesite":192,"minecraft:bookshelf":5,"minecraft:potatoes":67,"minecraft:deepslate_iron_ore":1,"minecraft:stone":1608,"minecraft:soul_sand":4,"minecraft:dandelion":6,"minecraft:oak_fence":15,"minecraft:crafting_table":13,"minecraft:tall_grass":14,"minecraft:copper_ore":9,"minecraft:lapis_ore":20,"minecraft:deepslate_gold_ore":4,"minecraft:diorite":180,"minecraft:coal_ore":332,"minecraft:sunflower":5,"minecraft:gravel":82,"minecraft:gold_ore":70},"minecraft:used":{"minecraft:iron_shovel":299,"travelersbackpack:lapis":4,"minecraft:oak_sign":47,"minecraft:chest":8,"minecraft:shield":42,"minecraft:soul_sand":1,"minecraft:carrot":130,"travelersbackpack:iron":15,"travelersbackpack:emerald":1,"minecraft:obsidian":10,"minecraft:furnace":10,"minecraft:egg":1,"minecraft:potato":76,"minecraft:diorite":15,"minecraft:stone_pickaxe":133,"minecraft:oak_planks":1050,"minecraft:wooden_pickaxe":11,"minecraft:diamond_axe":589,"minecraft:sugar_cane":29,"minecraft:golden_apple":1,"minecraft:blast_furnace":3,"minecraft:gravel":6,"minecraft:diamond_sword":677,"minecraft:wooden_sword":3,"minecraft:smithing_table":1,"minecraft:andesite":16,"minecraft:oak_fence":39,"minecraft:enchanting_table":2,"minecraft:stone_sword":13,"minecraft:flint_and_steel":1,"minecraft:stone_shovel":132,"minecraft:wooden_shovel":56,"minecraft:cooked_chicken":1,"minecraft:torch":132,"minecraft:dirt":231,"minecraft:anvil":1,"minecraft:oak_fence_gate":4,"minecraft:iron_hoe":62,"minecraft:wooden_axe":41,"minecraft:bookshelf":15,"minecraft:golden_carrot":27,"minecraft:cooked_beef":7,"minecraft:iron_leggings":1,"minecraft:wheat_seeds":198,"minecraft:water_bucket":62,"minecraft:lead":1,"minecraft:baked_potato":33,"minecraft:stonecutter":2,"minecraft:crafting_table":16,"minecraft:white_bed":6,"minecraft:smoker":1,"minecraft:oak_log":19,"minecraft:wooden_hoe":87,"minecraft:diamond_pickaxe":2248,"minecraft:diamond_shovel":234,"travelersbackpack:bookshelf":8,"minecraft:iron_pickaxe":751,"minecraft:stone_axe":26,"minecraft:cobblestone":207,"travelersbackpack:standard":1,"minecraft:porkchop":1,"minecraft:bucket":69,"minecraft:kelp":43},"minecraft:killed_by":{"minecraft:creeper":2,"minecraft:player":1,"minecraft:skeleton":2},"minecraft:broken":{"minecraft:iron_shovel":1,"minecraft:stone_pickaxe":1,"minecraft:stone_shovel":1,"minecraft:shield":1,"minecraft:iron_pickaxe":2,"minecraft:iron_helmet":1,"minecraft:wooden_hoe":1}},"DataVersion":3465}