{"stats":{"minecraft:mined":{"minecraft:dark_oak_planks":5,"minecraft:spruce_planks":7,"minecraft:cobblestone_stairs":1,"minecraft:jungle_leaves":30,"minecraft:brewing_stand":3,"minecraft:carved_pumpkin":1,"minecraft:granite":7,"minecraft:grass_block":71,"minecraft:jungle_log":103,"minecraft:oxeye_daisy":9,"minecraft:tall_seagrass":6,"minecraft:iron_ore":52,"minecraft:cobbled_deepslate":4,"minecraft:pumpkin":21,"minecraft:deepslate_lapis_ore":1,"minecraft:azure_bluet":3,"minecraft:dark_oak_stairs":2,"minecraft:oak_stairs":32,"minecraft:tripwire":1,"minecraft:orange_bed":1,"minecraft:deepslate_redstone_ore":25,"minecraft:red_bed":4,"minecraft:kelp_plant":18,"minecraft:smoker":1,"minecraft:powder_snow":41,"minecraft:clay":21,"minecraft:torch":3,"minecraft:calcite":5,"minecraft:poppy":11,"minecraft:melon":39,"minecraft:chest":6,"minecraft:mushroom_stem":1,"minecraft:cobblestone":44,"minecraft:sugar_cane":8,"minecraft:oak_planks":42,"minecraft:wall_torch":12,"minecraft:amethyst_block":43,"minecraft:seagrass":8,"minecraft:white_terracotta":47,"minecraft:dark_oak_slab":1,"minecraft:dark_oak_door":1,"minecraft:birch_log":5,"minecraft:wheat":80,"minecraft:lilac":42,"minecraft:grass":670,"minecraft:oak_log":124,"minecraft:beetroots":2,"minecraft:sand":188,"minecraft:dirt":89,"minecraft:smooth_basalt":1,"minecraft:red_mushroom_block":1,"minecraft:oak_leaves":55,"minecraft:deepslate":280,"minecraft:tuff":70,"minecraft:mossy_cobblestone":6,"minecraft:dark_oak_leaves":8,"minecraft:deepslate_diamond_ore":57,"minecraft:oak_door":3,"minecraft:dark_oak_log":148,"minecraft:cartography_table":1,"minecraft:kelp":4,"minecraft:sandstone":66,"minecraft:hay_block":66,"minecraft:redstone_ore":5,"minecraft:oak_trapdoor":5,"minecraft:furnace":12,"minecraft:carrots":44,"minecraft:snow":16,"minecraft:andesite":16,"minecraft:peony":49,"minecraft:bell":1,"minecraft:potatoes":19,"minecraft:deepslate_iron_ore":52,"minecraft:vine":71,"minecraft:bamboo":14,"minecraft:stone":227,"minecraft:podzol":2,"minecraft:oak_slab":15,"minecraft:glass_pane":8,"minecraft:lily_of_the_valley":29,"minecraft:snow_block":37,"minecraft:dandelion":16,"minecraft:oak_fence":1,"minecraft:crafting_table":7,"minecraft:cornflower":2,"minecraft:rose_bush":37,"minecraft:tall_grass":46,"minecraft:copper_ore":10,"minecraft:deepslate_gold_ore":24,"minecraft:lapis_ore":1,"minecraft:diorite":7,"minecraft:spruce_stairs":2,"minecraft:red_terracotta":33,"minecraft:dark_oak_wall_sign":1,"minecraft:white_carpet":1,"minecraft:birch_leaves":5,"minecraft:yellow_bed":7,"minecraft:coal_ore":99,"minecraft:cocoa":23,"minecraft:sunflower":2,"minecraft:gravel":11,"minecraft:flower_pot":1,"minecraft:terracotta":2,"minecraft:gold_ore":3,"minecraft:fern":103},"minecraft:killed_by":{"minecraft:creeper":4,"minecraft:drowned":4,"minecraft:zombie":7,"minecraft:player":7,"minecraft:spider":1,"friendsandfoes:mauler":1,"minecraft:enderman":1,"minecraft:skeleton":19},"minecraft:picked_up":{"minecraft:seagrass":1,"minecraft:wheat":83,"minecraft:flower_pot":3,"minecraft:lead":7,"minecraft:diamond_sword":3,"minecraft:oak_stairs":42,"minecraft:brewing_stand":3,"minecraft:amethyst_block":172,"minecraft:string":28,"minecraft:raw_copper":95,"minecraft:beetroot":4,"minecraft:cobbled_deepslate":927,"minecraft:spruce_planks":7,"minecraft:rose_bush":37,"minecraft:calcite":30,"minecraft:iron_pickaxe":1,"minecraft:melon_slice":229,"minecraft:furnace":12,"minecraft:dark_oak_door":1,"minecraft:stick":11,"minecraft:oak_fence":4,"minecraft:torch":271,"minecraft:spruce_stairs":1,"minecraft:porkchop":78,"minecraft:diorite":23,"minecraft:vine":64,"minecraft:golden_chestplate":1,"minecraft:orange_bed":1,"minecraft:rotten_flesh":96,"minecraft:carved_pumpkin":1,"minecraft:white_terracotta":94,"minecraft:cod":5,"minecraft:snowball":164,"minecraft:cobblestone":557,"minecraft:birch_log":10,"minecraft:cooked_beef":4,"minecraft:feather":16,"minecraft:lilac":84,"minecraft:andesite":38,"minecraft:jungle_log":103,"minecraft:dark_oak_boat":3,"minecraft:smoker":2,"minecraft:potato":76,"minecraft:flint":1,"minecraft:tuff":114,"minecraft:lapis_lazuli":22,"minecraft:dirt":226,"minecraft:bone":51,"minecraft:glass":2,"minecraft:wheat_seeds":353,"minecraft:raw_gold":81,"minecraft:bell":1,"minecraft:dark_oak_sign":1,"minecraft:bamboo":180,"minecraft:oak_planks":41,"minecraft:cooked_porkchop":13,"minecraft:poisonous_potato":1,"minecraft:sand":425,"minecraft:ink_sac":17,"minecraft:grass_block":1,"minecraft:lily_of_the_valley":29,"minecraft:dark_oak_log":146,"minecraft:red_terracotta":33,"minecraft:mossy_cobblestone":17,"minecraft:diamond":126,"minecraft:writable_book":1,"minecraft:granite":28,"minecraft:grass":2,"minecraft:bone_meal":9,"minecraft:oak_sapling":14,"minecraft:diamond_pickaxe":1,"minecraft:cocoa_beans":64,"minecraft:crafting_table":7,"minecraft:azure_bluet":3,"minecraft:chicken":9,"minecraft:clay_ball":80,"minecraft:leather_leggings":1,"minecraft:shield":3,"minecraft:cornflower":2,"minecraft:oak_trapdoor":9,"minecraft:red_bed":4,"minecraft:iron_axe":2,"minecraft:white_carpet":1,"minecraft:cartography_table":1,"minecraft:beef":42,"minecraft:oak_boat":9,"minecraft:jungle_sapling":7,"minecraft:poppy":10,"minecraft:chest":7,"minecraft:sugar_cane":16,"minecraft:birch_sapling":3,"minecraft:egg":7,"minecraft:dark_oak_sapling":8,"minecraft:raw_iron":104,"minecraft:sandstone":53,"minecraft:oak_door":3,"minecraft:carrot":183,"minecraft:redstone":279,"minecraft:dark_oak_planks":8,"minecraft:arrow":40,"minecraft:beetroot_seeds":7,"minecraft:peony":48,"minecraft:shears":2,"minecraft:hay_block":73,"minecraft:mutton":31,"minecraft:white_wool":46,"minecraft:oxeye_daisy":10,"minecraft:golden_carrot":10,"minecraft:salmon":22,"minecraft:leather":32,"minecraft:filled_map":1,"minecraft:birch_planks":14,"minecraft:oak_log":125,"minecraft:yellow_bed":7,"minecraft:gunpowder":4,"minecraft:cobblestone_stairs":4,"minecraft:cooked_mutton":1,"minecraft:apple":2,"minecraft:kelp":116,"minecraft:iron_ingot":45,"minecraft:stone_pickaxe":2,"minecraft:iron_sword":1,"minecraft:dark_oak_stairs":4,"minecraft:oak_slab":62,"minecraft:smooth_basalt":2,"minecraft:dark_oak_slab":1,"minecraft:pumpkin":85,"minecraft:dandelion":20,"minecraft:spyglass":2,"minecraft:gravel":10,"minecraft:spider_eye":7,"minecraft:music_disc_mall":1,"minecraft:pumpkin_seeds":4,"minecraft:gray_wool":6,"minecraft:terracotta":8,"minecraft:black_wool":4,"minecraft:coal":281,"minecraft:sunflower":2,"minecraft:ender_pearl":1},"minecraft:killed":{"minecraft:spider":12,"minecraft:cod":5,"minecraft:skeleton":11,"minecraft:chicken":6,"minecraft:turtle":1,"minecraft:pig":37,"minecraft:zombie_villager":1,"minecraft:salmon":25,"minecraft:sheep":19,"minecraft:zombie":42,"minecraft:cow":22,"minecraft:squid":5,"minecraft:enderman":1},"minecraft:broken":{"minecraft:stone_pickaxe":1,"minecraft:wooden_axe":2,"minecraft:golden_chestplate":1,"minecraft:wooden_pickaxe":1,"minecraft:iron_axe":1,"minecraft:leather_boots":1,"minecraft:iron_pickaxe":4,"minecraft:iron_helmet":1},"minecraft:crafted":{"minecraft:oak_planks":364,"minecraft:barrel":4,"minecraft:dark_oak_boat":3,"minecraft:cooked_mutton":18,"minecraft:dark_oak_door":3,"minecraft:glass":32,"minecraft:chest":15,"minecraft:smoker":1,"minecraft:oak_slab":78,"minecraft:cooked_porkchop":38,"minecraft:crafting_table":7,"minecraft:iron_helmet":1,"minecraft:baked_potato":2,"minecraft:wooden_pickaxe":1,"travelersbackpack:standard":2,"minecraft:hay_block":5,"minecraft:birch_planks":20,"minecraft:pumpkin_seeds":4,"minecraft:yellow_dye":1,"minecraft:dark_oak_slab":6,"minecraft:book":2,"minecraft:diamond_pickaxe":1,"minecraft:shield":2,"minecraft:stick":104,"minecraft:iron_ingot":14,"minecraft:iron_pickaxe":4,"minecraft:snow_block":37,"minecraft:gold_ingot":2,"minecraft:light_gray_dye":1,"minecraft:shears":1,"minecraft:furnace":1,"minecraft:dark_oak_trapdoor":6,"minecraft:dark_oak_sign":3,"minecraft:white_carpet":3,"minecraft:dark_oak_fence":6,"travelersbackpack:white_sleeping_bag":2,"minecraft:iron_axe":3,"minecraft:stone_pickaxe":2,"minecraft:dark_oak_planks":148,"minecraft:cooked_beef":9,"travelersbackpack:backpack_tank":4,"minecraft:iron_sword":1,"minecraft:bucket":2,"minecraft:stone_axe":1,"minecraft:air":0,"travelersbackpack:pumpkin":1,"minecraft:oak_boat":1,"minecraft:wooden_axe":3,"minecraft:writable_book":2,"minecraft:iron_shovel":1,"minecraft:torch":84},"minecraft:dropped":{"minecraft:iron_sword":1,"minecraft:dark_oak_stairs":4,"minecraft:cooked_beef":8,"minecraft:diamond":123,"minecraft:cooked_porkchop":13,"travelersbackpack:standard":1,"minecraft:cobblestone_stairs":1,"minecraft:dirt":35,"minecraft:red_bed":1,"minecraft:writable_book":1,"minecraft:bone_meal":3,"minecraft:sand":276,"minecraft:iron_pickaxe":1,"minecraft:dark_oak_planks":8,"minecraft:white_wool":10,"minecraft:sugar_cane":2,"minecraft:spyglass":1,"minecraft:iron_nugget":10,"minecraft:cobbled_deepslate":256,"minecraft:birch_sapling":1,"minecraft:wheat":4,"minecraft:rotten_flesh":17,"minecraft:oak_planks":2,"minecraft:carrot":21,"minecraft:poppy":3,"minecraft:chest":6,"minecraft:arrow":10,"minecraft:written_book":1,"minecraft:wheat_seeds":56,"minecraft:mossy_cobblestone":6,"minecraft:poisonous_potato":6,"minecraft:oak_fence":1,"minecraft:feather":10,"minecraft:cobblestone":134,"minecraft:granite":3,"minecraft:stick":19,"minecraft:gray_wool":1,"minecraft:diorite":7,"minecraft:torch":2,"minecraft:wooden_axe":1,"minecraft:oak_stairs":6,"minecraft:pumpkin":3,"minecraft:iron_axe":3,"minecraft:string":4,"minecraft:smooth_basalt":1,"minecraft:bowl":2,"minecraft:smoker":1,"minecraft:white_terracotta":47,"minecraft:shears":2,"minecraft:filled_map":1,"minecraft:diamond_sword":2,"minecraft:hay_block":7,"minecraft:shield":1,"minecraft:spruce_planks":2,"minecraft:diamond_pickaxe":2,"minecraft:oak_sapling":5,"minecraft:bamboo":20,"minecraft:stone_pickaxe":3,"minecraft:raw_gold":18,"minecraft:terracotta":2},"minecraft:custom":{"minecraft:animals_bred":37,"minecraft:interact_with_crafting_table":84,"minecraft:open_barrel":102,"minecraft:bell_ring":19,"minecraft:leave_game":6,"minecraft:time_since_death":114140,"minecraft:sprint_one_cm":752458,"minecraft:damage_blocked_by_shield":585,"minecraft:drop":131,"minecraft:talked_to_villager":21,"minecraft:play_time":623360,"minecraft:deaths":50,"minecraft:jump":12682,"minecraft:walk_on_water_one_cm":150563,"minecraft:interact_with_furnace":36,"minecraft:interact_with_loom":1,"minecraft:sleep_in_bed":23,"minecraft:damage_dealt":23017,"minecraft:player_kills":1,"minecraft:crouch_one_cm":24611,"minecraft:interact_with_smoker":12,"minecraft:horse_one_cm":40864,"minecraft:mob_kills":188,"minecraft:climb_one_cm":15952,"minecraft:walk_one_cm":1957401,"minecraft:sneak_time":16507,"minecraft:walk_under_water_one_cm":156255,"minecraft:boat_one_cm":972102,"minecraft:interact_with_blast_furnace":4,"minecraft:total_world_time":623360,"minecraft:time_since_rest":31080,"minecraft:damage_taken":18038,"minecraft:swim_one_cm":279279,"minecraft:fly_one_cm":1197990,"minecraft:open_chest":252,"minecraft:fall_one_cm":132579},"minecraft:used":{"minecraft:beetroot":2,"minecraft:writable_book":7,"minecraft:light_gray_dye":1,"minecraft:iron_shovel":249,"minecraft:chest":13,"minecraft:shield":11,"minecraft:iron_sword":45,"minecraft:rotten_flesh":12,"minecraft:mutton":2,"minecraft:carrot":89,"minecraft:snowball":6,"minecraft:dark_oak_slab":3,"minecraft:dark_oak_boat":6,"minecraft:written_book":1,"minecraft:furnace":12,"minecraft:beetroot_seeds":3,"minecraft:egg":6,"minecraft:potato":20,"minecraft:oak_planks":213,"minecraft:stone_pickaxe":202,"minecraft:dark_oak_sign":3,"minecraft:wooden_pickaxe":59,"minecraft:dark_oak_trapdoor":6,"minecraft:sand":5,"minecraft:shears":93,"minecraft:dark_oak_log":10,"minecraft:melon_slice":78,"minecraft:bread":8,"minecraft:string":3,"minecraft:red_terracotta":33,"travelersbackpack:pumpkin":4,"minecraft:lilac":22,"minecraft:diamond_sword":551,"minecraft:dark_oak_fence":4,"minecraft:oak_boat":10,"minecraft:oak_fence":1,"minecraft:oak_trapdoor":3,"minecraft:oak_door":3,"minecraft:orange_bed":1,"minecraft:torch":344,"minecraft:brewing_stand":2,"minecraft:dirt":102,"minecraft:spyglass":49,"minecraft:white_carpet":2,"minecraft:wooden_axe":179,"minecraft:iron_axe":501,"minecraft:oak_stairs":28,"minecraft:barrel":4,"minecraft:bamboo":12,"minecraft:golden_carrot":3,"minecraft:cooked_beef":5,"minecraft:cobbled_deepslate":1,"minecraft:pumpkin":1,"minecraft:wheat_seeds":159,"minecraft:cooked_mutton":19,"minecraft:water_bucket":7,"minecraft:baked_potato":2,"minecraft:leather_boots":1,"minecraft:oak_slab":59,"minecraft:crafting_table":14,"minecraft:red_bed":3,"minecraft:smoker":2,"minecraft:dark_oak_door":3,"minecraft:oak_log":4,"minecraft:yellow_dye":1,"minecraft:flower_pot":4,"minecraft:diamond_pickaxe":27,"minecraft:oxeye_daisy":1,"minecraft:diamond_shovel":158,"minecraft:chicken":1,"minecraft:iron_pickaxe":1019,"minecraft:suspicious_stew":2,"minecraft:stone_axe":26,"minecraft:cobblestone":171,"travelersbackpack:standard":3,"minecraft:cooked_porkchop":8,"minecraft:bucket":8,"minecraft:yellow_bed":6}},"DataVersion":3465}