{"stats":{"minecraft:custom":{"minecraft:animals_bred":15,"minecraft:interact_with_crafting_table":59,"minecraft:open_barrel":90,"minecraft:bell_ring":19,"minecraft:leave_game":1,"minecraft:time_since_death":1975,"minecraft:sprint_one_cm":474443,"minecraft:damage_blocked_by_shield":585,"minecraft:drop":107,"minecraft:talked_to_villager":21,"minecraft:play_time":345216,"minecraft:deaths":32,"minecraft:jump":7074,"minecraft:walk_on_water_one_cm":79771,"minecraft:interact_with_furnace":31,"minecraft:sleep_in_bed":13,"minecraft:damage_dealt":10816,"minecraft:crouch_one_cm":16478,"minecraft:interact_with_smoker":10,"minecraft:horse_one_cm":16826,"minecraft:mob_kills":88,"minecraft:walk_one_cm":1122832,"minecraft:sneak_time":12720,"minecraft:walk_under_water_one_cm":92669,"minecraft:boat_one_cm":287534,"minecraft:interact_with_blast_furnace":2,"minecraft:total_world_time":345216,"minecraft:time_since_rest":2007,"minecraft:damage_taken":11529,"minecraft:swim_one_cm":157378,"minecraft:fly_one_cm":780383,"minecraft:open_chest":159,"minecraft:fall_one_cm":93327},"minecraft:dropped":{"minecraft:iron_sword":1,"minecraft:dark_oak_stairs":4,"minecraft:cooked_beef":8,"minecraft:diamond":123,"travelersbackpack:standard":1,"minecraft:cobblestone_stairs":1,"minecraft:dirt":35,"minecraft:bone_meal":3,"minecraft:sand":192,"minecraft:dark_oak_planks":5,"minecraft:white_wool":10,"minecraft:spyglass":1,"minecraft:iron_nugget":10,"minecraft:cobbled_deepslate":256,"minecraft:wheat":4,"minecraft:birch_sapling":1,"minecraft:rotten_flesh":17,"minecraft:oak_planks":2,"minecraft:carrot":21,"minecraft:chest":6,"minecraft:arrow":10,"minecraft:wheat_seeds":55,"minecraft:mossy_cobblestone":6,"minecraft:oak_fence":1,"minecraft:feather":10,"minecraft:cobblestone":132,"minecraft:granite":3,"minecraft:stick":9,"minecraft:gray_wool":1,"minecraft:diorite":7,"minecraft:torch":2,"minecraft:oak_stairs":6,"minecraft:pumpkin":3,"minecraft:iron_axe":2,"minecraft:string":4,"minecraft:smooth_basalt":1,"minecraft:bowl":1,"minecraft:smoker":1,"minecraft:white_terracotta":47,"minecraft:filled_map":1,"minecraft:diamond_sword":1,"minecraft:shield":1,"minecraft:spruce_planks":2,"minecraft:diamond_pickaxe":2,"minecraft:oak_sapling":5,"minecraft:stone_pickaxe":3,"minecraft:raw_gold":18,"minecraft:terracotta":2},"minecraft:used":{"minecraft:beetroot":2,"minecraft:iron_shovel":136,"minecraft:chest":9,"minecraft:shield":11,"minecraft:iron_sword":45,"minecraft:rotten_flesh":12,"minecraft:mutton":2,"minecraft:carrot":60,"minecraft:furnace":12,"minecraft:beetroot_seeds":3,"minecraft:egg":3,"minecraft:potato":20,"minecraft:stone_pickaxe":202,"minecraft:oak_planks":213,"minecraft:wooden_pickaxe":59,"minecraft:sand":3,"minecraft:shears":1,"minecraft:melon_slice":4,"minecraft:bread":6,"minecraft:string":1,"travelersbackpack:pumpkin":4,"minecraft:diamond_sword":246,"minecraft:oak_boat":8,"minecraft:oak_trapdoor":3,"minecraft:oak_fence":1,"minecraft:oak_door":3,"minecraft:torch":342,"minecraft:brewing_stand":1,"minecraft:dirt":57,"minecraft:spyglass":21,"minecraft:wooden_axe":73,"minecraft:iron_axe":501,"minecraft:oak_stairs":28,"minecraft:barrel":4,"minecraft:golden_carrot":2,"minecraft:cooked_beef":5,"minecraft:cobbled_deepslate":1,"minecraft:pumpkin":1,"minecraft:wheat_seeds":133,"minecraft:cooked_mutton":19,"minecraft:water_bucket":7,"minecraft:baked_potato":2,"minecraft:leather_boots":1,"minecraft:oak_slab":59,"minecraft:crafting_table":10,"minecraft:smoker":2,"minecraft:oak_log":4,"minecraft:diamond_pickaxe":27,"minecraft:chicken":1,"minecraft:iron_pickaxe":901,"minecraft:suspicious_stew":1,"minecraft:cobblestone":115,"travelersbackpack:standard":3,"minecraft:bucket":8,"minecraft:yellow_bed":6},"minecraft:broken":{"minecraft:stone_pickaxe":1,"minecraft:wooden_axe":1,"minecraft:wooden_pickaxe":1,"minecraft:iron_axe":1,"minecraft:iron_pickaxe":3},"minecraft:crafted":{"minecraft:oak_planks":364,"minecraft:barrel":4,"minecraft:cooked_mutton":18,"minecraft:glass":32,"minecraft:chest":10,"minecraft:smoker":1,"minecraft:oak_slab":78,"minecraft:crafting_table":4,"minecraft:iron_helmet":1,"minecraft:baked_potato":2,"minecraft:wooden_pickaxe":1,"travelersbackpack:standard":2,"minecraft:hay_block":5,"minecraft:birch_planks":20,"minecraft:pumpkin_seeds":4,"minecraft:diamond_pickaxe":1,"minecraft:shield":2,"minecraft:stick":64,"minecraft:iron_ingot":14,"minecraft:iron_pickaxe":4,"minecraft:gold_ingot":2,"minecraft:shears":1,"minecraft:furnace":1,"travelersbackpack:white_sleeping_bag":2,"minecraft:iron_axe":3,"minecraft:stone_pickaxe":2,"minecraft:dark_oak_planks":8,"minecraft:cooked_beef":9,"travelersbackpack:backpack_tank":4,"minecraft:iron_sword":1,"minecraft:bucket":2,"minecraft:air":0,"travelersbackpack:pumpkin":1,"minecraft:oak_boat":1,"minecraft:wooden_axe":1,"minecraft:iron_shovel":1,"minecraft:torch":84},"minecraft:mined":{"minecraft:dark_oak_planks":5,"minecraft:spruce_planks":7,"minecraft:cobblestone_stairs":1,"minecraft:brewing_stand":3,"minecraft:carved_pumpkin":1,"minecraft:granite":7,"minecraft:grass_block":11,"minecraft:oxeye_daisy":6,"minecraft:tall_seagrass":3,"minecraft:iron_ore":42,"minecraft:cobbled_deepslate":4,"minecraft:pumpkin":21,"minecraft:deepslate_lapis_ore":1,"minecraft:azure_bluet":2,"minecraft:dark_oak_stairs":2,"minecraft:oak_stairs":32,"minecraft:tripwire":1,"minecraft:orange_bed":1,"minecraft:deepslate_redstone_ore":25,"minecraft:red_bed":3,"minecraft:kelp_plant":18,"minecraft:smoker":1,"minecraft:clay":5,"minecraft:torch":3,"minecraft:calcite":5,"minecraft:poppy":9,"minecraft:melon":30,"minecraft:chest":6,"minecraft:mushroom_stem":1,"minecraft:cobblestone":44,"minecraft:oak_planks":42,"minecraft:sugar_cane":6,"minecraft:wall_torch":12,"minecraft:amethyst_block":43,"minecraft:seagrass":6,"minecraft:white_terracotta":47,"minecraft:birch_log":5,"minecraft:wheat":55,"minecraft:lilac":14,"minecraft:grass":310,"minecraft:oak_log":124,"minecraft:beetroots":2,"minecraft:sand":151,"minecraft:dirt":34,"minecraft:smooth_basalt":1,"minecraft:red_mushroom_block":1,"minecraft:oak_leaves":48,"minecraft:deepslate":280,"minecraft:tuff":70,"minecraft:mossy_cobblestone":6,"minecraft:dark_oak_leaves":8,"minecraft:deepslate_diamond_ore":57,"minecraft:oak_door":3,"minecraft:dark_oak_log":143,"minecraft:kelp":4,"minecraft:cartography_table":1,"minecraft:sandstone":66,"minecraft:hay_block":66,"minecraft:redstone_ore":5,"minecraft:oak_trapdoor":5,"minecraft:furnace":12,"minecraft:carrots":28,"minecraft:andesite":16,"minecraft:peony":30,"minecraft:bell":1,"minecraft:potatoes":19,"minecraft:deepslate_iron_ore":52,"minecraft:stone":127,"minecraft:oak_slab":15,"minecraft:glass_pane":8,"minecraft:lily_of_the_valley":29,"minecraft:dandelion":9,"minecraft:oak_fence":1,"minecraft:crafting_table":6,"minecraft:rose_bush":19,"minecraft:copper_ore":10,"minecraft:tall_grass":43,"minecraft:deepslate_gold_ore":24,"minecraft:lapis_ore":1,"minecraft:diorite":7,"minecraft:spruce_stairs":2,"minecraft:red_terracotta":31,"minecraft:birch_leaves":5,"minecraft:yellow_bed":7,"minecraft:coal_ore":99,"minecraft:sunflower":1,"minecraft:gravel":5,"minecraft:terracotta":2,"minecraft:gold_ore":3},"minecraft:killed":{"minecraft:spider":3,"minecraft:cod":5,"minecraft:skeleton":5,"minecraft:chicken":5,"minecraft:turtle":1,"minecraft:pig":10,"minecraft:zombie_villager":1,"minecraft:salmon":15,"minecraft:sheep":13,"minecraft:zombie":19,"minecraft:cow":11},"minecraft:killed_by":{"minecraft:creeper":3,"minecraft:zombie":5,"minecraft:player":6,"friendsandfoes:mauler":1,"minecraft:skeleton":11},"minecraft:picked_up":{"minecraft:seagrass":1,"minecraft:wheat":58,"minecraft:lead":1,"minecraft:diamond_sword":2,"minecraft:oak_stairs":42,"minecraft:brewing_stand":3,"minecraft:amethyst_block":172,"minecraft:string":11,"minecraft:raw_copper":95,"minecraft:beetroot":4,"minecraft:cobbled_deepslate":927,"minecraft:spruce_planks":7,"minecraft:rose_bush":19,"minecraft:calcite":30,"minecraft:melon_slice":174,"minecraft:furnace":12,"minecraft:stick":9,"minecraft:oak_fence":4,"minecraft:torch":271,"minecraft:spruce_stairs":1,"minecraft:porkchop":21,"minecraft:diorite":23,"minecraft:orange_bed":1,"minecraft:rotten_flesh":58,"minecraft:carved_pumpkin":1,"minecraft:white_terracotta":94,"minecraft:cod":5,"minecraft:cobblestone":458,"minecraft:birch_log":10,"minecraft:lilac":56,"minecraft:feather":13,"minecraft:cooked_beef":4,"minecraft:andesite":38,"minecraft:smoker":2,"minecraft:potato":76,"minecraft:tuff":114,"minecraft:lapis_lazuli":22,"minecraft:dirt":113,"minecraft:bone":23,"minecraft:wheat_seeds":229,"minecraft:raw_gold":81,"minecraft:bell":1,"minecraft:oak_planks":41,"minecraft:poisonous_potato":1,"minecraft:sand":389,"minecraft:lily_of_the_valley":29,"minecraft:red_terracotta":31,"minecraft:dark_oak_log":141,"minecraft:mossy_cobblestone":17,"minecraft:diamond":126,"minecraft:granite":28,"minecraft:bone_meal":9,"minecraft:oak_sapling":13,"minecraft:diamond_pickaxe":1,"minecraft:crafting_table":6,"minecraft:azure_bluet":2,"minecraft:chicken":8,"minecraft:clay_ball":24,"minecraft:shield":3,"minecraft:oak_trapdoor":9,"minecraft:red_bed":3,"minecraft:iron_axe":2,"minecraft:cartography_table":1,"minecraft:beef":23,"minecraft:oak_boat":8,"minecraft:poppy":8,"minecraft:chest":7,"minecraft:sugar_cane":12,"minecraft:birch_sapling":3,"minecraft:egg":6,"minecraft:dark_oak_sapling":8,"minecraft:raw_iron":94,"minecraft:sandstone":53,"minecraft:oak_door":3,"minecraft:carrot":121,"minecraft:redstone":279,"minecraft:dark_oak_planks":5,"minecraft:arrow":35,"minecraft:beetroot_seeds":7,"minecraft:peony":29,"minecraft:hay_block":66,"minecraft:mutton":21,"minecraft:white_wool":30,"minecraft:oxeye_daisy":7,"minecraft:golden_carrot":10,"minecraft:salmon":13,"minecraft:leather":15,"minecraft:birch_planks":14,"minecraft:filled_map":1,"minecraft:oak_log":125,"minecraft:yellow_bed":7,"minecraft:gunpowder":2,"minecraft:cobblestone_stairs":4,"minecraft:cooked_mutton":1,"minecraft:apple":2,"minecraft:kelp":116,"minecraft:iron_ingot":45,"minecraft:stone_pickaxe":2,"minecraft:iron_sword":1,"minecraft:dark_oak_stairs":4,"minecraft:oak_slab":62,"minecraft:smooth_basalt":2,"minecraft:pumpkin":85,"minecraft:dandelion":13,"minecraft:spyglass":2,"minecraft:gravel":10,"minecraft:spider_eye":2,"minecraft:pumpkin_seeds":4,"minecraft:gray_wool":6,"minecraft:terracotta":8,"minecraft:black_wool":4,"minecraft:coal":281,"minecraft:sunflower":1}},"DataVersion":3465}