{"stats":{"minecraft:custom":{"minecraft:mob_kills":52,"minecraft:animals_bred":6,"minecraft:interact_with_crafting_table":24,"minecraft:open_barrel":19,"minecraft:bell_ring":16,"minecraft:leave_game":1,"minecraft:time_since_death":10458,"minecraft:sprint_one_cm":205096,"minecraft:walk_one_cm":651675,"minecraft:damage_blocked_by_shield":585,"minecraft:drop":26,"minecraft:talked_to_villager":7,"minecraft:play_time":147216,"minecraft:deaths":12,"minecraft:sneak_time":6829,"minecraft:walk_under_water_one_cm":33927,"minecraft:jump":2054,"minecraft:walk_on_water_one_cm":29262,"minecraft:total_world_time":147216,"minecraft:interact_with_furnace":21,"minecraft:sleep_in_bed":5,"minecraft:time_since_rest":10484,"minecraft:damage_taken":4078,"minecraft:damage_dealt":6311,"minecraft:swim_one_cm":16555,"minecraft:fly_one_cm":205272,"minecraft:open_chest":49,"minecraft:crouch_one_cm":8244,"minecraft:fall_one_cm":47727,"minecraft:horse_one_cm":7637},"minecraft:dropped":{"minecraft:iron_sword":1,"minecraft:wheat_seeds":12,"minecraft:granite":3,"minecraft:dirt":5,"minecraft:diorite":7,"minecraft:torch":1,"minecraft:smooth_basalt":1,"minecraft:birch_sapling":1,"minecraft:oak_planks":2,"minecraft:carrot":1,"minecraft:oak_sapling":5,"minecraft:stone_pickaxe":3},"minecraft:used":{"minecraft:beetroot":2,"minecraft:oak_trapdoor":2,"minecraft:chest":8,"minecraft:shield":11,"minecraft:iron_sword":45,"minecraft:rotten_flesh":8,"minecraft:oak_door":3,"minecraft:torch":123,"minecraft:spyglass":5,"minecraft:dirt":44,"minecraft:mutton":2,"minecraft:carrot":39,"minecraft:wooden_axe":73,"minecraft:iron_axe":215,"minecraft:oak_stairs":19,"minecraft:barrel":4,"minecraft:furnace":10,"minecraft:beetroot_seeds":3,"minecraft:egg":3,"minecraft:potato":17,"minecraft:cobbled_deepslate":1,"minecraft:wheat_seeds":60,"minecraft:cooked_mutton":1,"minecraft:water_bucket":2,"minecraft:stone_pickaxe":202,"minecraft:baked_potato":2,"minecraft:oak_planks":211,"minecraft:wooden_pickaxe":59,"minecraft:oak_slab":58,"minecraft:crafting_table":6,"minecraft:chicken":1,"minecraft:string":1,"minecraft:iron_pickaxe":209,"minecraft:diamond_sword":61,"minecraft:cobblestone":77,"minecraft:bucket":2,"minecraft:yellow_bed":6},"minecraft:broken":{"minecraft:wooden_pickaxe":1,"minecraft:stone_pickaxe":1,"minecraft:wooden_axe":1},"minecraft:crafted":{"minecraft:oak_planks":296,"minecraft:barrel":4,"minecraft:furnace":1,"minecraft:iron_axe":1,"minecraft:stone_pickaxe":2,"minecraft:chest":3,"minecraft:oak_slab":78,"minecraft:crafting_table":2,"minecraft:wooden_pickaxe":1,"minecraft:baked_potato":2,"minecraft:iron_helmet":1,"minecraft:iron_sword":1,"minecraft:bucket":2,"minecraft:birch_planks":20,"minecraft:air":0,"minecraft:shield":2,"minecraft:stick":28,"minecraft:iron_ingot":14,"minecraft:iron_pickaxe":1,"minecraft:wooden_axe":1,"minecraft:torch":60},"minecraft:mined":{"minecraft:tuff":1,"minecraft:mossy_cobblestone":5,"minecraft:oak_door":3,"minecraft:cobblestone_stairs":1,"minecraft:granite":4,"minecraft:grass_block":9,"minecraft:tall_seagrass":2,"minecraft:redstone_ore":5,"minecraft:oak_trapdoor":3,"minecraft:furnace":10,"minecraft:carrots":24,"minecraft:iron_ore":30,"minecraft:pumpkin":21,"minecraft:deepslate_lapis_ore":1,"minecraft:potatoes":16,"minecraft:deepslate_iron_ore":20,"minecraft:oak_stairs":26,"minecraft:stone":82,"minecraft:tripwire":1,"minecraft:deepslate_redstone_ore":19,"minecraft:oak_slab":11,"minecraft:glass_pane":8,"minecraft:dandelion":1,"minecraft:oak_fence":1,"minecraft:clay":4,"minecraft:crafting_table":4,"minecraft:torch":3,"minecraft:calcite":5,"minecraft:chest":5,"minecraft:tall_grass":24,"minecraft:copper_ore":3,"minecraft:cobblestone":29,"minecraft:lapis_ore":1,"minecraft:deepslate_gold_ore":13,"minecraft:sugar_cane":3,"minecraft:oak_planks":36,"minecraft:diorite":7,"minecraft:wall_torch":6,"minecraft:amethyst_block":43,"minecraft:seagrass":4,"minecraft:white_terracotta":47,"minecraft:birch_log":5,"minecraft:wheat":26,"minecraft:lilac":14,"minecraft:birch_leaves":4,"minecraft:yellow_bed":6,"minecraft:grass":246,"minecraft:oak_log":112,"minecraft:coal_ore":65,"minecraft:beetroots":2,"minecraft:dirt":31,"minecraft:smooth_basalt":1,"minecraft:terracotta":2,"minecraft:gold_ore":3,"minecraft:oak_leaves":47,"minecraft:deepslate":20},"minecraft:killed":{"minecraft:skeleton":1,"minecraft:chicken":1,"minecraft:pig":2,"minecraft:zombie_villager":1,"minecraft:salmon":13,"minecraft:sheep":13,"minecraft:zombie":17,"minecraft:cow":4},"minecraft:killed_by":{"minecraft:player":1,"minecraft:creeper":1,"minecraft:skeleton":3,"minecraft:zombie":5},"minecraft:picked_up":{"minecraft:crafting_table":4,"minecraft:wheat":29,"minecraft:chicken":1,"minecraft:clay_ball":16,"minecraft:diamond_sword":1,"minecraft:oak_stairs":25,"minecraft:shield":1,"minecraft:amethyst_block":172,"minecraft:oak_trapdoor":5,"minecraft:string":7,"minecraft:raw_copper":44,"minecraft:beetroot":4,"minecraft:cobbled_deepslate":70,"minecraft:beef":8,"minecraft:calcite":25,"minecraft:sugar_cane":9,"minecraft:chest":5,"minecraft:birch_sapling":3,"minecraft:egg":3,"minecraft:furnace":10,"minecraft:stick":7,"minecraft:raw_iron":51,"minecraft:oak_door":3,"minecraft:oak_fence":2,"minecraft:torch":87,"minecraft:porkchop":3,"minecraft:diorite":21,"minecraft:carrot":95,"minecraft:redstone":242,"minecraft:arrow":8,"minecraft:rotten_flesh":34,"minecraft:beetroot_seeds":7,"minecraft:white_terracotta":47,"minecraft:mutton":21,"minecraft:white_wool":10,"minecraft:cobblestone":255,"minecraft:birch_log":10,"minecraft:lilac":56,"minecraft:salmon":13,"minecraft:leather":5,"minecraft:potato":66,"minecraft:birch_planks":14,"minecraft:oak_log":112,"minecraft:yellow_bed":6,"minecraft:gunpowder":2,"minecraft:cobblestone_stairs":2,"minecraft:dirt":62,"minecraft:lapis_lazuli":22,"minecraft:cooked_mutton":1,"minecraft:bone":13,"minecraft:apple":1,"minecraft:wheat_seeds":105,"minecraft:raw_gold":50,"minecraft:stone_pickaxe":2,"minecraft:iron_ingot":45,"minecraft:oak_planks":39,"minecraft:iron_sword":1,"minecraft:oak_slab":34,"minecraft:smooth_basalt":2,"minecraft:pumpkin":84,"minecraft:dandelion":6,"minecraft:spyglass":1,"minecraft:poisonous_potato":1,"minecraft:mossy_cobblestone":10,"minecraft:granite":11,"minecraft:bone_meal":2,"minecraft:gray_wool":5,"minecraft:terracotta":6,"minecraft:oak_sapling":13,"minecraft:black_wool":2,"minecraft:coal":204}},"DataVersion":3465}