{"stats":{"minecraft:custom":{"minecraft:mob_kills":53,"minecraft:animals_bred":6,"minecraft:interact_with_crafting_table":30,"minecraft:open_barrel":40,"minecraft:bell_ring":16,"minecraft:leave_game":1,"minecraft:time_since_death":14926,"minecraft:sprint_one_cm":233625,"minecraft:walk_one_cm":763873,"minecraft:damage_blocked_by_shield":585,"minecraft:drop":27,"minecraft:talked_to_villager":7,"minecraft:play_time":183216,"minecraft:deaths":17,"minecraft:sneak_time":9626,"minecraft:walk_under_water_one_cm":38867,"minecraft:jump":2495,"minecraft:walk_on_water_one_cm":39947,"minecraft:total_world_time":183216,"minecraft:interact_with_furnace":24,"minecraft:sleep_in_bed":7,"minecraft:time_since_rest":14953,"minecraft:damage_taken":5727,"minecraft:damage_dealt":6532,"minecraft:swim_one_cm":21742,"minecraft:fly_one_cm":287819,"minecraft:open_chest":65,"minecraft:crouch_one_cm":12485,"minecraft:interact_with_smoker":7,"minecraft:fall_one_cm":60275,"minecraft:horse_one_cm":7637},"minecraft:dropped":{"minecraft:iron_sword":1,"minecraft:wheat_seeds":12,"minecraft:diamond":1,"minecraft:granite":3,"minecraft:dirt":5,"minecraft:diorite":7,"minecraft:torch":1,"minecraft:smooth_basalt":1,"minecraft:birch_sapling":1,"minecraft:oak_planks":2,"minecraft:carrot":1,"minecraft:oak_sapling":5,"minecraft:stone_pickaxe":3},"minecraft:used":{"minecraft:beetroot":2,"minecraft:oak_trapdoor":3,"minecraft:chest":8,"minecraft:shield":11,"minecraft:iron_sword":45,"minecraft:rotten_flesh":8,"minecraft:oak_door":3,"minecraft:torch":125,"minecraft:spyglass":12,"minecraft:dirt":57,"minecraft:mutton":2,"minecraft:carrot":39,"minecraft:wooden_axe":73,"minecraft:iron_axe":234,"minecraft:oak_stairs":19,"minecraft:barrel":4,"minecraft:furnace":10,"minecraft:beetroot_seeds":3,"minecraft:egg":3,"minecraft:cooked_beef":1,"minecraft:potato":17,"minecraft:cobbled_deepslate":1,"minecraft:wheat_seeds":60,"minecraft:cooked_mutton":3,"minecraft:water_bucket":7,"minecraft:stone_pickaxe":202,"minecraft:baked_potato":2,"minecraft:oak_planks":213,"minecraft:wooden_pickaxe":59,"minecraft:oak_slab":59,"minecraft:crafting_table":6,"minecraft:smoker":1,"minecraft:oak_log":4,"minecraft:chicken":1,"minecraft:string":1,"minecraft:iron_pickaxe":627,"minecraft:diamond_sword":64,"minecraft:cobblestone":88,"minecraft:bucket":8,"minecraft:yellow_bed":6},"minecraft:broken":{"minecraft:wooden_pickaxe":1,"minecraft:stone_pickaxe":1,"minecraft:iron_pickaxe":2,"minecraft:wooden_axe":1},"minecraft:crafted":{"minecraft:oak_planks":296,"minecraft:barrel":4,"minecraft:furnace":1,"minecraft:cooked_mutton":18,"minecraft:iron_axe":1,"minecraft:stone_pickaxe":2,"minecraft:chest":3,"minecraft:smoker":1,"minecraft:cooked_beef":9,"minecraft:oak_slab":78,"minecraft:crafting_table":2,"minecraft:wooden_pickaxe":1,"minecraft:baked_potato":2,"minecraft:iron_helmet":1,"minecraft:iron_sword":1,"minecraft:bucket":2,"minecraft:birch_planks":20,"minecraft:air":0,"minecraft:shield":2,"minecraft:stick":56,"minecraft:iron_ingot":14,"minecraft:iron_pickaxe":3,"minecraft:wooden_axe":1,"minecraft:torch":84},"minecraft:mined":{"minecraft:tuff":52,"minecraft:mossy_cobblestone":6,"minecraft:deepslate_diamond_ore":29,"minecraft:oak_door":3,"minecraft:cobblestone_stairs":1,"minecraft:granite":7,"minecraft:grass_block":10,"minecraft:tall_seagrass":2,"minecraft:redstone_ore":5,"minecraft:oak_trapdoor":5,"minecraft:furnace":10,"minecraft:carrots":24,"minecraft:iron_ore":39,"minecraft:andesite":16,"minecraft:pumpkin":21,"minecraft:deepslate_lapis_ore":1,"minecraft:potatoes":16,"minecraft:deepslate_iron_ore":26,"minecraft:oak_stairs":26,"minecraft:stone":119,"minecraft:tripwire":1,"minecraft:deepslate_redstone_ore":25,"minecraft:oak_slab":11,"minecraft:glass_pane":8,"minecraft:dandelion":1,"minecraft:oak_fence":1,"minecraft:clay":4,"minecraft:crafting_table":4,"minecraft:torch":3,"minecraft:calcite":5,"minecraft:chest":5,"minecraft:tall_grass":24,"minecraft:copper_ore":10,"minecraft:cobblestone":30,"minecraft:lapis_ore":1,"minecraft:deepslate_gold_ore":24,"minecraft:sugar_cane":3,"minecraft:oak_planks":38,"minecraft:diorite":7,"minecraft:wall_torch":6,"minecraft:amethyst_block":43,"minecraft:seagrass":4,"minecraft:white_terracotta":47,"minecraft:birch_log":5,"minecraft:wheat":26,"minecraft:lilac":14,"minecraft:birch_leaves":4,"minecraft:yellow_bed":6,"minecraft:grass":248,"minecraft:oak_log":124,"minecraft:coal_ore":94,"minecraft:beetroots":2,"minecraft:gravel":5,"minecraft:dirt":34,"minecraft:smooth_basalt":1,"minecraft:terracotta":2,"minecraft:gold_ore":3,"minecraft:oak_leaves":48,"minecraft:deepslate":222},"minecraft:killed":{"minecraft:skeleton":1,"minecraft:chicken":1,"minecraft:pig":2,"minecraft:zombie_villager":1,"minecraft:salmon":13,"minecraft:sheep":13,"minecraft:zombie":17,"minecraft:cow":5},"minecraft:killed_by":{"minecraft:player":3,"minecraft:creeper":1,"minecraft:skeleton":3,"minecraft:zombie":5},"minecraft:picked_up":{"minecraft:crafting_table":4,"minecraft:wheat":29,"minecraft:chicken":1,"minecraft:clay_ball":16,"minecraft:lead":1,"minecraft:diamond_sword":1,"minecraft:oak_stairs":25,"minecraft:shield":1,"minecraft:amethyst_block":172,"minecraft:oak_trapdoor":7,"minecraft:string":7,"minecraft:raw_copper":79,"minecraft:beetroot":4,"minecraft:cobbled_deepslate":363,"minecraft:beef":9,"minecraft:calcite":25,"minecraft:sugar_cane":9,"minecraft:chest":5,"minecraft:birch_sapling":3,"minecraft:egg":3,"minecraft:furnace":10,"minecraft:stick":8,"minecraft:raw_iron":64,"minecraft:oak_door":3,"minecraft:oak_fence":2,"minecraft:torch":88,"minecraft:porkchop":3,"minecraft:diorite":23,"minecraft:carrot":95,"minecraft:redstone":279,"minecraft:arrow":8,"minecraft:rotten_flesh":34,"minecraft:beetroot_seeds":7,"minecraft:white_terracotta":47,"minecraft:mutton":21,"minecraft:white_wool":10,"minecraft:cobblestone":315,"minecraft:birch_log":10,"minecraft:lilac":56,"minecraft:andesite":17,"minecraft:salmon":13,"minecraft:leather":9,"minecraft:potato":66,"minecraft:birch_planks":14,"minecraft:tuff":71,"minecraft:oak_log":125,"minecraft:yellow_bed":6,"minecraft:gunpowder":2,"minecraft:cobblestone_stairs":2,"minecraft:dirt":75,"minecraft:lapis_lazuli":22,"minecraft:cooked_mutton":1,"minecraft:bone":13,"minecraft:apple":1,"minecraft:wheat_seeds":105,"minecraft:raw_gold":63,"minecraft:stone_pickaxe":2,"minecraft:iron_ingot":45,"minecraft:oak_planks":41,"minecraft:iron_sword":1,"minecraft:oak_slab":34,"minecraft:smooth_basalt":2,"minecraft:pumpkin":84,"minecraft:dandelion":6,"minecraft:spyglass":1,"minecraft:poisonous_potato":1,"minecraft:gravel":5,"minecraft:mossy_cobblestone":11,"minecraft:diamond":36,"minecraft:granite":27,"minecraft:bone_meal":2,"minecraft:gray_wool":5,"minecraft:terracotta":6,"minecraft:oak_sapling":13,"minecraft:black_wool":2,"minecraft:coal":235}},"DataVersion":3465}