{"stats":{"minecraft:custom":{"minecraft:animals_bred":16,"minecraft:interact_with_crafting_table":63,"minecraft:open_barrel":90,"minecraft:bell_ring":19,"minecraft:leave_game":2,"minecraft:time_since_death":56229,"minecraft:sprint_one_cm":527857,"minecraft:damage_blocked_by_shield":585,"minecraft:drop":125,"minecraft:talked_to_villager":21,"minecraft:play_time":399470,"minecraft:deaths":32,"minecraft:jump":7901,"minecraft:walk_on_water_one_cm":80570,"minecraft:interact_with_furnace":31,"minecraft:sleep_in_bed":16,"minecraft:damage_dealt":13494,"minecraft:crouch_one_cm":18678,"minecraft:interact_with_smoker":10,"minecraft:horse_one_cm":40852,"minecraft:mob_kills":114,"minecraft:climb_one_cm":12574,"minecraft:walk_one_cm":1325483,"minecraft:sneak_time":13822,"minecraft:walk_under_water_one_cm":93046,"minecraft:boat_one_cm":433977,"minecraft:interact_with_blast_furnace":2,"minecraft:total_world_time":399470,"minecraft:time_since_rest":7963,"minecraft:damage_taken":12130,"minecraft:swim_one_cm":157378,"minecraft:fly_one_cm":875360,"minecraft:open_chest":159,"minecraft:fall_one_cm":110749},"minecraft:dropped":{"minecraft:iron_sword":1,"minecraft:dark_oak_stairs":4,"minecraft:cooked_beef":8,"minecraft:diamond":123,"travelersbackpack:standard":1,"minecraft:cobblestone_stairs":1,"minecraft:dirt":35,"minecraft:red_bed":1,"minecraft:bone_meal":3,"minecraft:sand":192,"minecraft:iron_pickaxe":1,"minecraft:dark_oak_planks":8,"minecraft:white_wool":10,"minecraft:sugar_cane":2,"minecraft:spyglass":1,"minecraft:iron_nugget":10,"minecraft:cobbled_deepslate":256,"minecraft:wheat":4,"minecraft:birch_sapling":1,"minecraft:rotten_flesh":17,"minecraft:oak_planks":2,"minecraft:carrot":21,"minecraft:poppy":3,"minecraft:chest":6,"minecraft:arrow":10,"minecraft:wheat_seeds":55,"minecraft:mossy_cobblestone":6,"minecraft:poisonous_potato":6,"minecraft:oak_fence":1,"minecraft:feather":10,"minecraft:cobblestone":134,"minecraft:granite":3,"minecraft:stick":19,"minecraft:gray_wool":1,"minecraft:diorite":7,"minecraft:torch":2,"minecraft:wooden_axe":1,"minecraft:oak_stairs":6,"minecraft:pumpkin":3,"minecraft:iron_axe":3,"minecraft:string":4,"minecraft:smooth_basalt":1,"minecraft:bowl":2,"minecraft:smoker":1,"minecraft:white_terracotta":47,"minecraft:shears":2,"minecraft:filled_map":1,"minecraft:diamond_sword":2,"minecraft:hay_block":7,"minecraft:shield":1,"minecraft:spruce_planks":2,"minecraft:diamond_pickaxe":2,"minecraft:oak_sapling":5,"minecraft:bamboo":20,"minecraft:stone_pickaxe":3,"minecraft:raw_gold":18,"minecraft:terracotta":2},"minecraft:used":{"minecraft:beetroot":2,"minecraft:iron_shovel":136,"minecraft:chest":9,"minecraft:shield":11,"minecraft:iron_sword":45,"minecraft:rotten_flesh":12,"minecraft:mutton":2,"minecraft:carrot":60,"minecraft:furnace":12,"minecraft:beetroot_seeds":3,"minecraft:egg":6,"minecraft:potato":20,"minecraft:stone_pickaxe":202,"minecraft:oak_planks":213,"minecraft:wooden_pickaxe":59,"minecraft:sand":3,"minecraft:shears":93,"minecraft:dark_oak_log":9,"minecraft:melon_slice":23,"minecraft:bread":8,"minecraft:string":1,"minecraft:red_terracotta":31,"travelersbackpack:pumpkin":4,"minecraft:diamond_sword":317,"minecraft:dark_oak_fence":3,"minecraft:oak_boat":9,"minecraft:oak_trapdoor":3,"minecraft:oak_fence":1,"minecraft:oak_door":3,"minecraft:orange_bed":1,"minecraft:torch":344,"minecraft:brewing_stand":1,"minecraft:dirt":57,"minecraft:spyglass":49,"minecraft:wooden_axe":179,"minecraft:iron_axe":501,"minecraft:oak_stairs":28,"minecraft:barrel":4,"minecraft:bamboo":4,"minecraft:golden_carrot":3,"minecraft:cooked_beef":5,"minecraft:cobbled_deepslate":1,"minecraft:pumpkin":1,"minecraft:wheat_seeds":133,"minecraft:cooked_mutton":19,"minecraft:water_bucket":7,"minecraft:baked_potato":2,"minecraft:leather_boots":1,"minecraft:oak_slab":59,"minecraft:crafting_table":13,"minecraft:red_bed":2,"minecraft:smoker":2,"minecraft:oak_log":4,"minecraft:diamond_pickaxe":27,"minecraft:chicken":1,"minecraft:iron_pickaxe":919,"minecraft:suspicious_stew":2,"minecraft:cobblestone":115,"travelersbackpack:standard":3,"minecraft:bucket":8,"minecraft:yellow_bed":6},"minecraft:broken":{"minecraft:stone_pickaxe":1,"minecraft:wooden_axe":2,"minecraft:wooden_pickaxe":1,"minecraft:iron_axe":1,"minecraft:iron_pickaxe":3},"minecraft:crafted":{"minecraft:oak_planks":364,"minecraft:barrel":4,"minecraft:cooked_mutton":18,"minecraft:glass":32,"minecraft:chest":10,"minecraft:smoker":1,"minecraft:oak_slab":78,"minecraft:crafting_table":6,"minecraft:iron_helmet":1,"minecraft:baked_potato":2,"minecraft:wooden_pickaxe":1,"travelersbackpack:standard":2,"minecraft:hay_block":5,"minecraft:birch_planks":20,"minecraft:pumpkin_seeds":4,"minecraft:diamond_pickaxe":1,"minecraft:shield":2,"minecraft:stick":80,"minecraft:iron_ingot":14,"minecraft:iron_pickaxe":4,"minecraft:gold_ingot":2,"minecraft:shears":1,"minecraft:furnace":1,"minecraft:dark_oak_fence":3,"travelersbackpack:white_sleeping_bag":2,"minecraft:iron_axe":3,"minecraft:stone_pickaxe":2,"minecraft:dark_oak_planks":52,"minecraft:cooked_beef":9,"travelersbackpack:backpack_tank":4,"minecraft:iron_sword":1,"minecraft:bucket":2,"minecraft:air":0,"travelersbackpack:pumpkin":1,"minecraft:oak_boat":1,"minecraft:wooden_axe":3,"minecraft:iron_shovel":1,"minecraft:torch":84},"minecraft:mined":{"minecraft:dark_oak_planks":5,"minecraft:spruce_planks":7,"minecraft:cobblestone_stairs":1,"minecraft:jungle_leaves":30,"minecraft:brewing_stand":3,"minecraft:carved_pumpkin":1,"minecraft:granite":7,"minecraft:grass_block":11,"minecraft:jungle_log":101,"minecraft:oxeye_daisy":6,"minecraft:tall_seagrass":3,"minecraft:iron_ore":52,"minecraft:cobbled_deepslate":4,"minecraft:pumpkin":21,"minecraft:deepslate_lapis_ore":1,"minecraft:azure_bluet":2,"minecraft:dark_oak_stairs":2,"minecraft:oak_stairs":32,"minecraft:tripwire":1,"minecraft:orange_bed":1,"minecraft:deepslate_redstone_ore":25,"minecraft:red_bed":4,"minecraft:kelp_plant":18,"minecraft:smoker":1,"minecraft:clay":5,"minecraft:torch":3,"minecraft:calcite":5,"minecraft:poppy":9,"minecraft:melon":30,"minecraft:chest":6,"minecraft:mushroom_stem":1,"minecraft:cobblestone":44,"minecraft:oak_planks":42,"minecraft:sugar_cane":8,"minecraft:wall_torch":12,"minecraft:amethyst_block":43,"minecraft:seagrass":6,"minecraft:white_terracotta":47,"minecraft:birch_log":5,"minecraft:wheat":55,"minecraft:lilac":28,"minecraft:grass":432,"minecraft:oak_log":124,"minecraft:beetroots":2,"minecraft:sand":151,"minecraft:dirt":34,"minecraft:smooth_basalt":1,"minecraft:red_mushroom_block":1,"minecraft:oak_leaves":51,"minecraft:deepslate":280,"minecraft:tuff":70,"minecraft:mossy_cobblestone":6,"minecraft:dark_oak_leaves":8,"minecraft:deepslate_diamond_ore":57,"minecraft:oak_door":3,"minecraft:dark_oak_log":143,"minecraft:kelp":4,"minecraft:cartography_table":1,"minecraft:sandstone":66,"minecraft:hay_block":66,"minecraft:redstone_ore":5,"minecraft:oak_trapdoor":5,"minecraft:furnace":12,"minecraft:carrots":28,"minecraft:andesite":16,"minecraft:peony":49,"minecraft:bell":1,"minecraft:potatoes":19,"minecraft:deepslate_iron_ore":52,"minecraft:vine":71,"minecraft:bamboo":5,"minecraft:stone":130,"minecraft:oak_slab":15,"minecraft:glass_pane":8,"minecraft:lily_of_the_valley":29,"minecraft:dandelion":9,"minecraft:oak_fence":1,"minecraft:crafting_table":7,"minecraft:rose_bush":37,"minecraft:copper_ore":10,"minecraft:tall_grass":46,"minecraft:deepslate_gold_ore":24,"minecraft:lapis_ore":1,"minecraft:diorite":7,"minecraft:spruce_stairs":2,"minecraft:red_terracotta":31,"minecraft:birch_leaves":5,"minecraft:yellow_bed":7,"minecraft:coal_ore":99,"minecraft:cocoa":23,"minecraft:sunflower":1,"minecraft:gravel":5,"minecraft:terracotta":2,"minecraft:gold_ore":3,"minecraft:fern":21},"minecraft:killed":{"minecraft:spider":3,"minecraft:cod":5,"minecraft:skeleton":5,"minecraft:chicken":5,"minecraft:turtle":1,"minecraft:pig":16,"minecraft:zombie_villager":1,"minecraft:salmon":15,"minecraft:sheep":19,"minecraft:zombie":22,"minecraft:cow":22},"minecraft:killed_by":{"minecraft:creeper":3,"minecraft:zombie":5,"minecraft:player":6,"friendsandfoes:mauler":1,"minecraft:skeleton":11},"minecraft:picked_up":{"minecraft:seagrass":1,"minecraft:wheat":58,"minecraft:lead":5,"minecraft:diamond_sword":3,"minecraft:oak_stairs":42,"minecraft:brewing_stand":3,"minecraft:amethyst_block":172,"minecraft:string":11,"minecraft:raw_copper":95,"minecraft:beetroot":4,"minecraft:cobbled_deepslate":927,"minecraft:spruce_planks":7,"minecraft:rose_bush":37,"minecraft:calcite":30,"minecraft:iron_pickaxe":1,"minecraft:melon_slice":174,"minecraft:furnace":12,"minecraft:stick":11,"minecraft:oak_fence":4,"minecraft:torch":271,"minecraft:spruce_stairs":1,"minecraft:porkchop":31,"minecraft:diorite":23,"minecraft:vine":64,"minecraft:orange_bed":1,"minecraft:rotten_flesh":58,"minecraft:carved_pumpkin":1,"minecraft:white_terracotta":94,"minecraft:cod":5,"minecraft:cobblestone":460,"minecraft:birch_log":10,"minecraft:lilac":70,"minecraft:feather":13,"minecraft:cooked_beef":4,"minecraft:jungle_log":101,"minecraft:andesite":38,"minecraft:smoker":2,"minecraft:potato":76,"minecraft:tuff":114,"minecraft:lapis_lazuli":22,"minecraft:dirt":113,"minecraft:bone":23,"minecraft:wheat_seeds":245,"minecraft:raw_gold":81,"minecraft:bell":1,"minecraft:bamboo":62,"minecraft:oak_planks":41,"minecraft:poisonous_potato":1,"minecraft:sand":389,"minecraft:lily_of_the_valley":29,"minecraft:red_terracotta":31,"minecraft:dark_oak_log":141,"minecraft:mossy_cobblestone":17,"minecraft:diamond":126,"minecraft:granite":28,"minecraft:bone_meal":9,"minecraft:oak_sapling":14,"minecraft:diamond_pickaxe":1,"minecraft:cocoa_beans":64,"minecraft:crafting_table":7,"minecraft:azure_bluet":2,"minecraft:chicken":8,"minecraft:clay_ball":24,"minecraft:shield":3,"minecraft:oak_trapdoor":9,"minecraft:red_bed":4,"minecraft:iron_axe":2,"minecraft:cartography_table":1,"minecraft:beef":42,"minecraft:oak_boat":8,"minecraft:jungle_sapling":7,"minecraft:poppy":8,"minecraft:chest":7,"minecraft:sugar_cane":14,"minecraft:birch_sapling":3,"minecraft:egg":6,"minecraft:dark_oak_sapling":8,"minecraft:raw_iron":104,"minecraft:sandstone":53,"minecraft:oak_door":3,"minecraft:carrot":121,"minecraft:redstone":279,"minecraft:dark_oak_planks":8,"minecraft:arrow":35,"minecraft:beetroot_seeds":7,"minecraft:peony":48,"minecraft:shears":2,"minecraft:hay_block":73,"minecraft:mutton":31,"minecraft:white_wool":46,"minecraft:oxeye_daisy":7,"minecraft:golden_carrot":10,"minecraft:salmon":13,"minecraft:leather":32,"minecraft:birch_planks":14,"minecraft:filled_map":1,"minecraft:oak_log":125,"minecraft:yellow_bed":7,"minecraft:gunpowder":2,"minecraft:cobblestone_stairs":4,"minecraft:cooked_mutton":1,"minecraft:apple":2,"minecraft:kelp":116,"minecraft:iron_ingot":45,"minecraft:stone_pickaxe":2,"minecraft:iron_sword":1,"minecraft:dark_oak_stairs":4,"minecraft:oak_slab":62,"minecraft:smooth_basalt":2,"minecraft:pumpkin":85,"minecraft:dandelion":13,"minecraft:spyglass":2,"minecraft:gravel":10,"minecraft:spider_eye":2,"minecraft:pumpkin_seeds":4,"minecraft:gray_wool":6,"minecraft:terracotta":8,"minecraft:black_wool":4,"minecraft:coal":281,"minecraft:sunflower":1}},"DataVersion":3465}