{"stats":{"minecraft:custom":{"minecraft:mob_kills":72,"minecraft:animals_bred":15,"minecraft:interact_with_crafting_table":57,"minecraft:open_barrel":90,"minecraft:bell_ring":16,"minecraft:leave_game":1,"minecraft:time_since_death":49404,"minecraft:sprint_one_cm":402285,"minecraft:walk_one_cm":1023157,"minecraft:damage_blocked_by_shield":585,"minecraft:drop":78,"minecraft:talked_to_villager":7,"minecraft:play_time":309216,"minecraft:deaths":28,"minecraft:sneak_time":12378,"minecraft:walk_under_water_one_cm":80462,"minecraft:boat_one_cm":242590,"minecraft:jump":4736,"minecraft:interact_with_blast_furnace":2,"minecraft:walk_on_water_one_cm":74888,"minecraft:total_world_time":309216,"minecraft:interact_with_furnace":31,"minecraft:sleep_in_bed":13,"minecraft:time_since_rest":41801,"minecraft:damage_taken":10168,"minecraft:damage_dealt":9399,"minecraft:swim_one_cm":126576,"minecraft:fly_one_cm":620087,"minecraft:open_chest":146,"minecraft:crouch_one_cm":15851,"minecraft:interact_with_smoker":10,"minecraft:fall_one_cm":75690,"minecraft:horse_one_cm":7637},"minecraft:dropped":{"minecraft:iron_sword":1,"minecraft:dark_oak_stairs":2,"minecraft:cooked_beef":8,"minecraft:wheat_seeds":54,"minecraft:mossy_cobblestone":6,"minecraft:diamond":123,"minecraft:oak_fence":1,"minecraft:cobblestone":78,"minecraft:granite":3,"travelersbackpack:standard":1,"minecraft:cobblestone_stairs":1,"minecraft:dirt":5,"minecraft:gray_wool":1,"minecraft:diorite":7,"minecraft:torch":1,"minecraft:oak_stairs":6,"minecraft:pumpkin":1,"minecraft:sand":192,"minecraft:iron_axe":2,"minecraft:white_wool":10,"minecraft:smooth_basalt":1,"minecraft:spyglass":1,"minecraft:cobbled_deepslate":256,"minecraft:birch_sapling":1,"minecraft:rotten_flesh":15,"minecraft:oak_planks":2,"minecraft:smoker":1,"minecraft:white_terracotta":47,"minecraft:carrot":21,"minecraft:diamond_sword":1,"minecraft:shield":1,"minecraft:diamond_pickaxe":2,"minecraft:oak_sapling":5,"minecraft:chest":6,"minecraft:arrow":4,"minecraft:stone_pickaxe":3,"minecraft:raw_gold":18,"minecraft:terracotta":2},"minecraft:used":{"minecraft:oak_fence":1,"minecraft:beetroot":2,"minecraft:oak_trapdoor":3,"minecraft:iron_shovel":126,"minecraft:chest":9,"minecraft:shield":11,"minecraft:iron_sword":45,"minecraft:rotten_flesh":12,"minecraft:oak_door":3,"minecraft:torch":337,"minecraft:spyglass":21,"minecraft:dirt":57,"minecraft:mutton":2,"minecraft:carrot":60,"minecraft:wooden_axe":73,"minecraft:iron_axe":412,"minecraft:oak_stairs":28,"minecraft:barrel":4,"minecraft:golden_carrot":2,"minecraft:furnace":12,"minecraft:beetroot_seeds":3,"minecraft:egg":3,"minecraft:cooked_beef":5,"minecraft:potato":20,"minecraft:cobbled_deepslate":1,"minecraft:pumpkin":1,"minecraft:wheat_seeds":133,"minecraft:cooked_mutton":17,"minecraft:water_bucket":7,"minecraft:stone_pickaxe":202,"minecraft:baked_potato":2,"minecraft:oak_planks":213,"minecraft:leather_boots":1,"minecraft:wooden_pickaxe":59,"minecraft:sand":3,"minecraft:oak_slab":59,"minecraft:crafting_table":8,"minecraft:shears":1,"minecraft:smoker":2,"minecraft:oak_log":4,"minecraft:diamond_pickaxe":27,"minecraft:chicken":1,"minecraft:string":1,"minecraft:iron_pickaxe":826,"travelersbackpack:pumpkin":4,"minecraft:diamond_sword":207,"minecraft:cobblestone":115,"travelersbackpack:standard":3,"minecraft:bucket":8,"minecraft:yellow_bed":6,"minecraft:oak_boat":7},"minecraft:broken":{"minecraft:wooden_pickaxe":1,"minecraft:stone_pickaxe":1,"minecraft:iron_pickaxe":3,"minecraft:wooden_axe":1},"minecraft:crafted":{"minecraft:oak_planks":364,"minecraft:barrel":4,"minecraft:furnace":1,"minecraft:cooked_mutton":18,"minecraft:glass":32,"travelersbackpack:white_sleeping_bag":2,"minecraft:iron_axe":3,"minecraft:stone_pickaxe":2,"minecraft:chest":10,"minecraft:dark_oak_planks":8,"minecraft:smoker":1,"minecraft:cooked_beef":9,"minecraft:oak_slab":78,"minecraft:crafting_table":3,"travelersbackpack:standard":2,"travelersbackpack:backpack_tank":4,"minecraft:wooden_pickaxe":1,"minecraft:baked_potato":2,"minecraft:iron_helmet":1,"minecraft:iron_sword":1,"minecraft:pumpkin_seeds":4,"minecraft:bucket":2,"minecraft:birch_planks":20,"minecraft:air":0,"travelersbackpack:pumpkin":1,"minecraft:oak_boat":1,"minecraft:diamond_pickaxe":1,"minecraft:shield":2,"minecraft:stick":64,"minecraft:iron_ingot":14,"minecraft:iron_pickaxe":4,"minecraft:wooden_axe":1,"minecraft:iron_shovel":1,"minecraft:gold_ingot":2,"minecraft:torch":84,"minecraft:shears":1},"minecraft:mined":{"minecraft:dark_oak_planks":5,"minecraft:tuff":70,"minecraft:spruce_planks":5,"minecraft:dark_oak_leaves":8,"minecraft:mossy_cobblestone":6,"minecraft:deepslate_diamond_ore":57,"minecraft:oak_door":3,"minecraft:cobblestone_stairs":1,"minecraft:dark_oak_log":143,"minecraft:carved_pumpkin":1,"minecraft:granite":7,"minecraft:grass_block":10,"minecraft:kelp":4,"minecraft:sandstone":43,"minecraft:oxeye_daisy":6,"minecraft:tall_seagrass":3,"minecraft:redstone_ore":5,"minecraft:oak_trapdoor":5,"minecraft:furnace":12,"minecraft:carrots":28,"minecraft:cobbled_deepslate":4,"minecraft:iron_ore":42,"minecraft:andesite":16,"minecraft:pumpkin":21,"minecraft:deepslate_lapis_ore":1,"minecraft:peony":30,"minecraft:azure_bluet":2,"minecraft:dark_oak_stairs":2,"minecraft:potatoes":19,"minecraft:deepslate_iron_ore":52,"minecraft:oak_stairs":32,"minecraft:stone":120,"minecraft:tripwire":1,"minecraft:deepslate_redstone_ore":25,"minecraft:oak_slab":15,"minecraft:glass_pane":8,"minecraft:kelp_plant":18,"minecraft:lily_of_the_valley":29,"minecraft:smoker":1,"minecraft:dandelion":9,"minecraft:oak_fence":1,"minecraft:clay":5,"minecraft:crafting_table":5,"minecraft:torch":3,"minecraft:calcite":5,"minecraft:poppy":9,"minecraft:chest":6,"minecraft:rose_bush":19,"minecraft:mushroom_stem":1,"minecraft:tall_grass":38,"minecraft:copper_ore":10,"minecraft:cobblestone":44,"minecraft:lapis_ore":1,"minecraft:deepslate_gold_ore":24,"minecraft:sugar_cane":6,"minecraft:oak_planks":40,"minecraft:diorite":7,"minecraft:wall_torch":12,"minecraft:amethyst_block":43,"minecraft:spruce_stairs":2,"minecraft:seagrass":6,"minecraft:white_terracotta":47,"minecraft:birch_log":5,"minecraft:wheat":52,"minecraft:lilac":14,"minecraft:birch_leaves":5,"minecraft:yellow_bed":7,"minecraft:grass":277,"minecraft:oak_log":124,"minecraft:coal_ore":94,"minecraft:beetroots":2,"minecraft:sand":141,"minecraft:sunflower":1,"minecraft:gravel":5,"minecraft:dirt":34,"minecraft:smooth_basalt":1,"minecraft:terracotta":2,"minecraft:red_mushroom_block":1,"minecraft:gold_ore":3,"minecraft:oak_leaves":48,"minecraft:deepslate":280},"minecraft:killed":{"minecraft:spider":3,"minecraft:skeleton":3,"minecraft:chicken":2,"minecraft:turtle":1,"minecraft:pig":10,"minecraft:zombie_villager":1,"minecraft:salmon":15,"minecraft:sheep":13,"minecraft:zombie":19,"minecraft:cow":5},"minecraft:killed_by":{"minecraft:player":6,"minecraft:creeper":3,"minecraft:skeleton":9,"minecraft:zombie":5},"minecraft:picked_up":{"minecraft:seagrass":1,"minecraft:crafting_table":5,"minecraft:wheat":54,"minecraft:azure_bluet":2,"minecraft:chicken":2,"minecraft:clay_ball":24,"minecraft:lead":1,"minecraft:diamond_sword":2,"minecraft:oak_stairs":42,"minecraft:shield":3,"minecraft:amethyst_block":172,"minecraft:oak_trapdoor":9,"minecraft:string":9,"minecraft:iron_axe":2,"minecraft:raw_copper":95,"minecraft:beetroot":4,"minecraft:cobbled_deepslate":927,"minecraft:beef":9,"minecraft:oak_boat":7,"minecraft:rose_bush":19,"minecraft:calcite":30,"minecraft:poppy":8,"minecraft:sugar_cane":12,"minecraft:chest":7,"minecraft:birch_sapling":3,"minecraft:egg":4,"minecraft:furnace":12,"minecraft:sandstone":41,"minecraft:dark_oak_sapling":8,"minecraft:stick":9,"minecraft:raw_iron":94,"minecraft:oak_door":3,"minecraft:oak_fence":4,"minecraft:torch":269,"minecraft:spruce_stairs":1,"minecraft:porkchop":21,"minecraft:diorite":23,"minecraft:carrot":121,"minecraft:redstone":279,"minecraft:dark_oak_planks":5,"minecraft:arrow":22,"minecraft:rotten_flesh":55,"minecraft:beetroot_seeds":7,"minecraft:peony":29,"minecraft:carved_pumpkin":1,"minecraft:white_terracotta":94,"minecraft:mutton":21,"minecraft:white_wool":30,"minecraft:cobblestone":431,"minecraft:oxeye_daisy":7,"minecraft:birch_log":10,"minecraft:feather":2,"minecraft:cooked_beef":4,"minecraft:lilac":56,"minecraft:golden_carrot":10,"minecraft:andesite":38,"minecraft:salmon":13,"minecraft:leather":9,"minecraft:smoker":2,"minecraft:potato":76,"minecraft:birch_planks":14,"minecraft:tuff":114,"minecraft:oak_log":125,"minecraft:yellow_bed":7,"minecraft:gunpowder":2,"minecraft:cobblestone_stairs":4,"minecraft:dirt":113,"minecraft:lapis_lazuli":22,"minecraft:cooked_mutton":1,"minecraft:bone":19,"minecraft:apple":2,"minecraft:kelp":116,"minecraft:wheat_seeds":227,"minecraft:raw_gold":81,"minecraft:stone_pickaxe":2,"minecraft:iron_ingot":45,"minecraft:dark_oak_stairs":4,"minecraft:oak_planks":41,"minecraft:iron_sword":1,"minecraft:oak_slab":62,"minecraft:smooth_basalt":2,"minecraft:pumpkin":85,"minecraft:sand":378,"minecraft:dandelion":13,"minecraft:spyglass":2,"minecraft:poisonous_potato":1,"minecraft:gravel":10,"minecraft:dark_oak_log":141,"minecraft:lily_of_the_valley":29,"minecraft:spider_eye":2,"minecraft:mossy_cobblestone":17,"minecraft:pumpkin_seeds":4,"minecraft:diamond":126,"minecraft:granite":28,"minecraft:bone_meal":5,"minecraft:gray_wool":6,"minecraft:terracotta":8,"minecraft:oak_sapling":13,"minecraft:black_wool":4,"minecraft:coal":281,"minecraft:sunflower":1,"minecraft:diamond_pickaxe":1}},"DataVersion":3465}